2025-07-01 13:07:41 INFO  Common_browsers_type:22 - Execution Started
2025-07-01 13:07:41 INFO  Common_browsers_type:24 - Instantiated the commonUtils
2025-07-01 13:07:41 INFO  Common_browsers_type:27 - loading the config properties file
2025-07-01 13:07:41 INFO  Common_browsers_type:30 - Checking the Driver is Null or Not?
2025-07-01 13:07:41 INFO  Common_browsers_type:32 - Driver is Null. Instatiating it!
2025-07-01 13:07:41 INFO  Common_browsers_type:69 - Launchingchrome
2025-07-01 13:46:57 INFO  Common_browsers_type:22 - Execution Started
2025-07-01 13:46:57 INFO  Common_browsers_type:24 - Instantiated the commonUtils
2025-07-01 13:46:57 INFO  Common_browsers_type:27 - loading the config properties file
2025-07-01 13:46:57 INFO  Common_browsers_type:30 - Checking the Driver is Null or Not?
2025-07-01 13:46:57 INFO  Common_browsers_type:32 - Driver is Null. Instatiating it!
2025-07-01 13:46:57 INFO  Common_browsers_type:69 - Launchingchrome
2025-07-01 13:59:16 INFO  Common_browsers_type:25 - Execution Started
2025-07-01 13:59:16 INFO  Common_browsers_type:27 - Instantiated the commonUtils
2025-07-01 13:59:16 INFO  Common_browsers_type:30 - loading the config properties file
2025-07-01 13:59:16 INFO  Common_browsers_type:33 - Checking the Driver is Null or Not?
2025-07-01 13:59:16 INFO  Common_browsers_type:35 - Driver is Null. Instatiating it!
2025-07-01 13:59:16 INFO  Common_browsers_type:73 - Launchingchrome
2025-07-01 14:01:14 INFO  Common_browsers_type:25 - Execution Started
2025-07-01 14:01:14 INFO  Common_browsers_type:27 - Instantiated the commonUtils
2025-07-01 14:01:14 INFO  Common_browsers_type:30 - loading the config properties file
2025-07-01 14:01:14 INFO  Common_browsers_type:33 - Checking the Driver is Null or Not?
2025-07-01 14:01:14 INFO  Common_browsers_type:35 - Driver is Null. Instatiating it!
2025-07-01 14:01:14 INFO  Common_browsers_type:73 - Launchingchrome
2025-07-01 14:06:26 INFO  Common_browsers_type:23 - Execution Started
2025-07-01 14:06:26 INFO  Common_browsers_type:25 - Instantiated the commonUtils
2025-07-01 14:06:26 INFO  Common_browsers_type:28 - loading the config properties file
2025-07-01 14:06:26 INFO  Common_browsers_type:31 - Checking the Driver is Null or Not?
2025-07-01 14:06:26 INFO  Common_browsers_type:33 - Driver is Null. Instatiating it!
2025-07-01 14:06:26 INFO  Common_browsers_type:71 - Launchingchrome
2025-07-01 14:11:28 INFO  Common_browsers_type:23 - Execution Started
2025-07-01 14:11:28 INFO  Common_browsers_type:25 - Instantiated the commonUtils
2025-07-01 14:11:28 INFO  Common_browsers_type:28 - loading the config properties file
2025-07-01 14:11:28 INFO  Common_browsers_type:31 - Checking the Driver is Null or Not?
2025-07-01 14:11:28 INFO  Common_browsers_type:33 - Driver is Null. Instatiating it!
2025-07-01 14:11:28 INFO  Common_browsers_type:72 - Launchingchrome
2025-07-01 15:28:36 INFO  Common_browsers_type:25 - Execution Started
2025-07-01 15:28:36 INFO  Common_browsers_type:27 - Instantiated the commonUtils
2025-07-01 15:28:36 INFO  Common_browsers_type:30 - loading the config properties file
2025-07-01 15:28:36 INFO  Common_browsers_type:33 - Checking the Driver is Null or Not?
2025-07-01 15:28:36 INFO  Common_browsers_type:35 - Driver is Null. Instatiating it!
2025-07-01 15:28:36 INFO  Common_browsers_type:78 - Launchingchrome
2025-07-07 21:27:15 INFO  Common_browsers_type:25 - Execution Started
2025-07-07 21:27:15 INFO  Common_browsers_type:27 - Instantiated the commonUtils
2025-07-07 21:27:15 INFO  Common_browsers_type:30 - loading the config properties file
2025-07-07 21:27:15 INFO  Common_browsers_type:33 - Checking the Driver is Null or Not?
2025-07-07 21:27:15 INFO  Common_browsers_type:35 - Driver is Null. Instatiating it!
2025-07-07 21:27:15 INFO  Common_browsers_type:78 - Launchingchrome
2025-07-07 21:55:26 INFO  Common_browsers_type:25 - Execution Started
2025-07-07 21:55:26 INFO  Common_browsers_type:27 - Instantiated the commonUtils
2025-07-07 21:55:26 INFO  Common_browsers_type:30 - loading the config properties file
2025-07-07 21:55:26 INFO  Common_browsers_type:33 - Checking the Driver is Null or Not?
2025-07-07 21:55:26 INFO  Common_browsers_type:35 - Driver is Null. Instatiating it!
2025-07-07 21:55:26 INFO  Common_browsers_type:79 - Launchingchrome
2025-07-10 21:44:47 INFO  Common_Step_definition:19 - Execution Started
2025-07-10 21:44:47 INFO  Common_Step_definition:21 - Instantiated the commonUtils
2025-07-10 21:44:47 INFO  Common_Step_definition:24 - loading the config properties file
2025-07-10 21:44:47 INFO  Common_Step_definition:27 - Checking the Driver is Null or Not?
2025-07-10 21:44:47 INFO  Common_Step_definition:29 - Driver is Null. Instatiating it!
2025-07-10 21:44:47 INFO  Common_Step_definition:75 - Launchingchrome
2025-07-10 21:44:54 INFO  Common_Step_definition:19 - Execution Started
2025-07-10 21:44:54 INFO  Common_Step_definition:21 - Instantiated the commonUtils
2025-07-10 21:44:54 INFO  Common_Step_definition:24 - loading the config properties file
2025-07-10 21:44:54 INFO  Common_Step_definition:27 - Checking the Driver is Null or Not?
2025-07-11 21:47:09 INFO  Common_Step_definition:15 - Execution Started
2025-07-11 21:47:09 INFO  Common_Step_definition:17 - Instantiated the commonUtils
2025-07-11 21:47:09 INFO  Common_Step_definition:20 - loading the config properties file
2025-07-11 21:47:09 INFO  Common_Step_definition:23 - Checking the Driver is Null or Not?
2025-07-11 21:47:09 INFO  Common_Step_definition:25 - Driver is Null. Instatiating it!
2025-07-11 21:47:15 INFO  DriverManager:29 - Launchingchrome
2025-07-11 21:47:23 INFO  Common_Step_definition:15 - Execution Started
2025-07-11 21:47:23 INFO  Common_Step_definition:17 - Instantiated the commonUtils
2025-07-11 21:47:23 INFO  Common_Step_definition:20 - loading the config properties file
2025-07-11 21:47:23 INFO  Common_Step_definition:23 - Checking the Driver is Null or Not?
2025-07-11 22:08:45 INFO  Common_Step_definition:15 - Execution Started
2025-07-11 22:08:45 INFO  Common_Step_definition:17 - Instantiated the commonUtils
2025-07-11 22:08:45 INFO  Common_Step_definition:20 - loading the config properties file
2025-07-11 22:08:45 INFO  Common_Step_definition:23 - Checking the Driver is Null or Not?
2025-07-11 22:08:45 INFO  Common_Step_definition:25 - Driver is Null. Instatiating it!
2025-07-11 22:08:46 INFO  DriverManager:29 - Launchingchrome
2025-07-11 22:13:23 INFO  Common_Step_definition:17 - Execution Started
2025-07-11 22:13:23 INFO  Common_Step_definition:19 - Instantiated the commonUtils
2025-07-11 22:13:23 INFO  Common_Step_definition:22 - loading the config properties file
2025-07-11 22:13:23 INFO  Common_Step_definition:25 - Checking the Driver is Null or Not?
2025-07-11 22:13:23 INFO  Common_Step_definition:27 - Driver is Null. Instatiating it!
2025-07-11 22:13:23 INFO  DriverManager:29 - Launchingchrome
2025-07-11 22:25:09 INFO  Common_Step_definition:15 - Execution Started
2025-07-11 22:25:09 INFO  Common_Step_definition:17 - Instantiated the commonUtils
2025-07-11 22:25:09 INFO  Common_Step_definition:20 - loading the config properties file
2025-07-11 22:25:09 INFO  Common_Step_definition:23 - Checking the Driver is Null or Not?
2025-07-11 22:25:09 INFO  Common_Step_definition:25 - Driver is Null. Instatiating it!
2025-07-11 22:25:10 INFO  DriverManager:29 - Launchingchrome
2025-07-11 22:33:17 INFO  Common_Step_definition:15 - Execution Started
2025-07-11 22:33:17 INFO  Common_Step_definition:17 - Instantiated the commonUtils
2025-07-11 22:33:17 INFO  Common_Step_definition:20 - loading the config properties file
2025-07-11 22:33:17 INFO  Common_Step_definition:23 - Checking the Driver is Null or Not?
2025-07-11 22:33:17 INFO  Common_Step_definition:25 - Driver is Null. Instatiating it!
2025-07-11 22:33:18 INFO  DriverManager:29 - Launchingchrome
2025-07-11 22:35:11 INFO  Common_Step_definition:15 - Execution Started
2025-07-11 22:35:11 INFO  Common_Step_definition:17 - Instantiated the commonUtils
2025-07-11 22:35:11 INFO  Common_Step_definition:20 - loading the config properties file
2025-07-11 22:35:11 INFO  Common_Step_definition:23 - Checking the Driver is Null or Not?
2025-07-11 22:35:11 INFO  Common_Step_definition:25 - Driver is Null. Instatiating it!
2025-07-11 22:35:12 INFO  DriverManager:29 - Launchingchrome
2025-07-11 22:38:08 INFO  Common_Step_definition:15 - Execution Started
2025-07-11 22:38:08 INFO  Common_Step_definition:17 - Instantiated the commonUtils
2025-07-11 22:38:08 INFO  Common_Step_definition:20 - loading the config properties file
2025-07-11 22:38:08 INFO  Common_Step_definition:23 - Checking the Driver is Null or Not?
2025-07-11 22:38:08 INFO  Common_Step_definition:25 - Driver is Null. Instatiating it!
2025-07-11 22:38:09 INFO  DriverManager:29 - Launchingchrome
2025-07-11 22:54:38 INFO  Common_Step_definition:15 - Execution Started
2025-07-11 22:54:38 INFO  Common_Step_definition:17 - Instantiated the commonUtils
2025-07-11 22:54:38 INFO  Common_Step_definition:20 - loading the config properties file
2025-07-11 22:54:38 INFO  Common_Step_definition:23 - Checking the Driver is Null or Not?
2025-07-11 22:54:38 INFO  Common_Step_definition:25 - Driver is Null. Instatiating it!
2025-07-11 22:54:40 INFO  DriverManager:29 - Launchingchrome
2025-07-11 22:56:16 INFO  Common_Step_definition:15 - Execution Started
2025-07-11 22:56:16 INFO  Common_Step_definition:17 - Instantiated the commonUtils
2025-07-11 22:56:16 INFO  Common_Step_definition:20 - loading the config properties file
2025-07-11 22:56:16 INFO  Common_Step_definition:23 - Checking the Driver is Null or Not?
2025-07-11 22:56:16 INFO  Common_Step_definition:25 - Driver is Null. Instatiating it!
2025-07-11 22:56:16 INFO  DriverManager:29 - Launchingchrome
2025-07-11 22:57:31 INFO  Common_Step_definition:15 - Execution Started
2025-07-11 22:57:31 INFO  Common_Step_definition:17 - Instantiated the commonUtils
2025-07-11 22:57:31 INFO  Common_Step_definition:20 - loading the config properties file
2025-07-11 22:57:31 INFO  Common_Step_definition:23 - Checking the Driver is Null or Not?
2025-07-11 22:57:31 INFO  Common_Step_definition:25 - Driver is Null. Instatiating it!
2025-07-11 22:57:32 INFO  DriverManager:29 - Launchingchrome
2025-07-11 22:59:32 INFO  Common_Step_definition:15 - Execution Started
2025-07-11 22:59:32 INFO  Common_Step_definition:17 - Instantiated the commonUtils
2025-07-11 22:59:32 INFO  Common_Step_definition:20 - loading the config properties file
2025-07-11 22:59:32 INFO  Common_Step_definition:23 - Checking the Driver is Null or Not?
2025-07-11 22:59:32 INFO  Common_Step_definition:25 - Driver is Null. Instatiating it!
2025-07-11 22:59:32 INFO  DriverManager:29 - Launchingchrome
2025-07-12 21:41:25 INFO  Common_Step_definition:15 - Execution Started
2025-07-12 21:41:25 INFO  Common_Step_definition:17 - Instantiated the commonUtils
2025-07-12 21:41:25 INFO  Common_Step_definition:20 - loading the config properties file
2025-07-12 21:41:25 INFO  Common_Step_definition:23 - Checking the Driver is Null or Not?
2025-07-12 21:41:25 INFO  Common_Step_definition:25 - Driver is Null. Instatiating it!
2025-07-12 21:41:27 INFO  DriverManager:29 - Launchingchrome
2025-07-12 21:44:03 INFO  Common_Step_definition:15 - Execution Started
2025-07-12 21:44:03 INFO  Common_Step_definition:17 - Instantiated the commonUtils
2025-07-12 21:44:03 INFO  Common_Step_definition:20 - loading the config properties file
2025-07-12 21:44:03 INFO  Common_Step_definition:23 - Checking the Driver is Null or Not?
2025-07-12 21:44:03 INFO  Common_Step_definition:25 - Driver is Null. Instatiating it!
2025-07-12 21:44:04 INFO  DriverManager:29 - Launchingchrome
2025-08-30 21:35:56 INFO  Common_Step_definition:15 - Execution Started
2025-08-30 21:35:56 INFO  Common_Step_definition:17 - Instantiated the commonUtils
2025-08-30 21:35:56 INFO  Common_Step_definition:20 - loading the config properties file
2025-08-30 21:35:56 INFO  Common_Step_definition:23 - Checking the Driver is Null or Not?
2025-08-30 21:35:56 INFO  Common_Step_definition:25 - Driver is Null. Instatiating it!
2025-08-30 21:36:01 INFO  DriverManager:29 - Launchingchrome
2025-08-30 22:47:16 INFO  Common_Step_definition:15 - Execution Started
2025-08-30 22:47:16 INFO  Common_Step_definition:17 - Instantiated the commonUtils
2025-08-30 22:47:16 INFO  Common_Step_definition:20 - loading the config properties file
2025-08-30 22:47:16 INFO  Common_Step_definition:23 - Checking the Driver is Null or Not?
2025-08-30 22:47:16 INFO  Common_Step_definition:25 - Driver is Null. Instatiating it!
2025-08-30 22:47:18 INFO  DriverManager:29 - Launchingchrome
2025-08-30 22:51:35 INFO  Common_Step_definition:15 - Execution Started
2025-08-30 22:51:35 INFO  Common_Step_definition:17 - Instantiated the commonUtils
2025-08-30 22:51:35 INFO  Common_Step_definition:20 - loading the config properties file
2025-08-30 22:51:35 INFO  Common_Step_definition:23 - Checking the Driver is Null or Not?
2025-08-30 22:51:35 INFO  Common_Step_definition:25 - Driver is Null. Instatiating it!
2025-08-30 22:51:36 INFO  DriverManager:29 - Launchingchrome
2025-08-30 22:51:56 INFO  Common_Step_definition:15 - Execution Started
2025-08-30 22:51:56 INFO  Common_Step_definition:17 - Instantiated the commonUtils
2025-08-30 22:51:56 INFO  Common_Step_definition:20 - loading the config properties file
2025-08-30 22:51:56 INFO  Common_Step_definition:23 - Checking the Driver is Null or Not?
2025-08-31 18:44:28 INFO  Common_Step_definition:15 - Execution Started
2025-08-31 18:44:29 INFO  Common_Step_definition:17 - Instantiated the commonUtils
2025-08-31 18:44:29 INFO  Common_Step_definition:20 - loading the config properties file
2025-08-31 18:44:29 INFO  Common_Step_definition:23 - Checking the Driver is Null or Not?
2025-08-31 18:44:29 INFO  Common_Step_definition:25 - Driver is Null. Instatiating it!
2025-08-31 18:44:32 INFO  DriverManager:29 - Launchingchrome
2025-08-31 18:45:11 INFO  Common_Step_definition:15 - Execution Started
2025-08-31 18:45:11 INFO  Common_Step_definition:17 - Instantiated the commonUtils
2025-08-31 18:45:11 INFO  Common_Step_definition:20 - loading the config properties file
2025-08-31 18:45:11 INFO  Common_Step_definition:23 - Checking the Driver is Null or Not?
2026-02-02 16:34:21 INFO  Common_Step_definition:15 - Execution Started
2026-02-02 16:34:21 INFO  Common_Step_definition:17 - Instantiated the commonUtils
2026-02-02 16:34:21 INFO  Common_Step_definition:20 - loading the config properties file
2026-02-02 16:34:21 INFO  Common_Step_definition:23 - Checking the Driver is Null or Not?
2026-02-02 16:34:21 INFO  Common_Step_definition:25 - Driver is Null. Instatiating it!
2026-02-02 16:35:43 INFO  DriverManager:29 - Launchingchrome
2026-02-02 16:36:34 INFO  Common_Step_definition:15 - Execution Started
2026-02-02 16:36:34 INFO  Common_Step_definition:17 - Instantiated the commonUtils
2026-02-02 16:36:34 INFO  Common_Step_definition:20 - loading the config properties file
2026-02-02 16:36:34 INFO  Common_Step_definition:23 - Checking the Driver is Null or Not?
2026-02-02 16:43:24 INFO  Common_Step_definition:15 - Execution Started
2026-02-02 16:43:24 INFO  Common_Step_definition:17 - Instantiated the commonUtils
2026-02-02 16:43:24 INFO  Common_Step_definition:20 - loading the config properties file
2026-02-02 16:43:24 INFO  Common_Step_definition:23 - Checking the Driver is Null or Not?
2026-02-02 16:43:24 INFO  Common_Step_definition:25 - Driver is Null. Instatiating it!
2026-02-02 16:43:25 INFO  DriverManager:29 - Launchingchrome
2026-02-02 16:44:08 INFO  Common_Step_definition:15 - Execution Started
2026-02-02 16:44:08 INFO  Common_Step_definition:17 - Instantiated the commonUtils
2026-02-02 16:44:08 INFO  Common_Step_definition:20 - loading the config properties file
2026-02-02 16:44:08 INFO  Common_Step_definition:23 - Checking the Driver is Null or Not?
2026-02-02 18:01:01 INFO  Common_Step_definition:15 - Execution Started
2026-02-02 18:01:01 INFO  Common_Step_definition:17 - Instantiated the commonUtils
2026-02-02 18:01:01 INFO  Common_Step_definition:20 - loading the config properties file
2026-02-02 18:01:01 INFO  Common_Step_definition:23 - Checking the Driver is Null or Not?
2026-02-02 18:01:01 INFO  Common_Step_definition:25 - Driver is Null. Instatiating it!
2026-02-02 18:01:02 INFO  DriverManager:29 - Launchingchrome
2026-02-02 18:01:15 INFO  Common_Step_definition:15 - Execution Started
2026-02-02 18:01:15 INFO  Common_Step_definition:17 - Instantiated the commonUtils
2026-02-02 18:01:15 INFO  Common_Step_definition:20 - loading the config properties file
2026-02-02 18:01:15 INFO  Common_Step_definition:23 - Checking the Driver is Null or Not?
2026-02-02 18:03:43 INFO  Common_Step_definition:15 - Execution Started
2026-02-02 18:03:43 INFO  Common_Step_definition:17 - Instantiated the commonUtils
2026-02-02 18:03:43 INFO  Common_Step_definition:20 - loading the config properties file
2026-02-02 18:03:43 INFO  Common_Step_definition:23 - Checking the Driver is Null or Not?
2026-02-02 18:03:43 INFO  Common_Step_definition:25 - Driver is Null. Instatiating it!
2026-02-02 18:03:44 INFO  DriverManager:29 - Launchingchrome
2026-02-02 18:03:54 INFO  Common_Step_definition:15 - Execution Started
2026-02-02 18:03:54 INFO  Common_Step_definition:17 - Instantiated the commonUtils
2026-02-02 18:03:54 INFO  Common_Step_definition:20 - loading the config properties file
2026-02-02 18:03:54 INFO  Common_Step_definition:23 - Checking the Driver is Null or Not?
2026-02-02 18:25:07 INFO  Common_Step_definition:15 - Execution Started
2026-02-02 18:25:07 INFO  Common_Step_definition:17 - Instantiated the commonUtils
2026-02-02 18:25:07 INFO  Common_Step_definition:20 - loading the config properties file
2026-02-02 18:25:07 INFO  Common_Step_definition:23 - Checking the Driver is Null or Not?
2026-02-02 18:25:07 INFO  Common_Step_definition:25 - Driver is Null. Instatiating it!
2026-02-02 18:25:08 INFO  DriverManager:29 - Launchingchrome
2026-02-02 18:26:11 INFO  Common_Step_definition:15 - Execution Started
2026-02-02 18:26:11 INFO  Common_Step_definition:17 - Instantiated the commonUtils
2026-02-02 18:26:11 INFO  Common_Step_definition:20 - loading the config properties file
2026-02-02 18:26:11 INFO  Common_Step_definition:23 - Checking the Driver is Null or Not?
2026-02-02 18:42:21 INFO  Common_Step_definition:15 - Execution Started
2026-02-02 18:42:21 INFO  Common_Step_definition:17 - Instantiated the commonUtils
2026-02-02 18:42:21 INFO  Common_Step_definition:20 - loading the config properties file
2026-02-02 18:42:21 INFO  Common_Step_definition:23 - Checking the Driver is Null or Not?
2026-02-02 18:42:21 INFO  Common_Step_definition:25 - Driver is Null. Instatiating it!
2026-02-02 18:42:22 INFO  DriverManager:29 - Launchingchrome
2026-02-02 18:42:37 INFO  Common_Step_definition:15 - Execution Started
2026-02-02 18:42:37 INFO  Common_Step_definition:17 - Instantiated the commonUtils
2026-02-02 18:42:37 INFO  Common_Step_definition:20 - loading the config properties file
2026-02-02 18:42:37 INFO  Common_Step_definition:23 - Checking the Driver is Null or Not?
2026-02-02 18:49:35 INFO  Common_Step_definition:15 - Execution Started
2026-02-02 18:49:35 INFO  Common_Step_definition:17 - Instantiated the commonUtils
2026-02-02 18:49:35 INFO  Common_Step_definition:20 - loading the config properties file
2026-02-02 18:49:35 INFO  Common_Step_definition:23 - Checking the Driver is Null or Not?
2026-02-02 18:49:35 INFO  Common_Step_definition:25 - Driver is Null. Instatiating it!
2026-02-02 18:49:37 INFO  DriverManager:29 - Launchingchrome
2026-02-02 18:49:52 INFO  Common_Step_definition:15 - Execution Started
2026-02-02 18:49:52 INFO  Common_Step_definition:17 - Instantiated the commonUtils
2026-02-02 18:49:52 INFO  Common_Step_definition:20 - loading the config properties file
2026-02-02 18:49:52 INFO  Common_Step_definition:23 - Checking the Driver is Null or Not?
2026-02-02 19:05:17 INFO  Common_Step_definition:15 - Execution Started
2026-02-02 19:05:17 INFO  Common_Step_definition:17 - Instantiated the commonUtils
2026-02-02 19:05:17 INFO  Common_Step_definition:20 - loading the config properties file
2026-02-02 19:05:17 INFO  Common_Step_definition:23 - Checking the Driver is Null or Not?
2026-02-02 19:05:17 INFO  Common_Step_definition:25 - Driver is Null. Instatiating it!
2026-02-02 19:05:18 INFO  DriverManager:29 - Launchingchrome
2026-02-02 19:05:28 INFO  Common_Step_definition:15 - Execution Started
2026-02-02 19:05:28 INFO  Common_Step_definition:17 - Instantiated the commonUtils
2026-02-02 19:05:28 INFO  Common_Step_definition:20 - loading the config properties file
2026-02-02 19:05:28 INFO  Common_Step_definition:23 - Checking the Driver is Null or Not?
2026-02-02 19:11:27 INFO  Common_Step_definition:15 - Execution Started
2026-02-02 19:11:27 INFO  Common_Step_definition:17 - Instantiated the commonUtils
2026-02-02 19:11:27 INFO  Common_Step_definition:20 - loading the config properties file
2026-02-02 19:11:27 INFO  Common_Step_definition:23 - Checking the Driver is Null or Not?
2026-02-02 19:11:27 INFO  Common_Step_definition:25 - Driver is Null. Instatiating it!
2026-02-02 19:11:28 INFO  DriverManager:29 - Launchingchrome
2026-02-02 19:11:44 INFO  Common_Step_definition:15 - Execution Started
2026-02-02 19:11:44 INFO  Common_Step_definition:17 - Instantiated the commonUtils
2026-02-02 19:11:44 INFO  Common_Step_definition:20 - loading the config properties file
2026-02-02 19:11:44 INFO  Common_Step_definition:23 - Checking the Driver is Null or Not?
2026-02-02 19:16:01 INFO  Common_Step_definition:15 - Execution Started
2026-02-02 19:16:01 INFO  Common_Step_definition:17 - Instantiated the commonUtils
2026-02-02 19:16:01 INFO  Common_Step_definition:20 - loading the config properties file
2026-02-02 19:16:01 INFO  Common_Step_definition:23 - Checking the Driver is Null or Not?
2026-02-02 19:16:01 INFO  Common_Step_definition:25 - Driver is Null. Instatiating it!
2026-02-02 19:16:02 INFO  DriverManager:29 - Launchingchrome
2026-02-02 19:16:14 INFO  Common_Step_definition:15 - Execution Started
2026-02-02 19:16:14 INFO  Common_Step_definition:17 - Instantiated the commonUtils
2026-02-02 19:16:14 INFO  Common_Step_definition:20 - loading the config properties file
2026-02-02 19:16:14 INFO  Common_Step_definition:23 - Checking the Driver is Null or Not?
2026-02-02 19:48:05 INFO  Common_Step_definition:16 - Execution Started
2026-02-02 19:48:05 INFO  Common_Step_definition:18 - Instantiated the commonUtils
2026-02-02 19:48:05 INFO  Common_Step_definition:21 - loading the config properties file
2026-02-02 19:48:05 INFO  Common_Step_definition:24 - Checking the Driver is Null or Not?
2026-02-02 19:48:05 INFO  Common_Step_definition:26 - Driver is Null. Instatiating it!
2026-02-02 19:48:05 INFO  DriverManager:29 - Launchingchrome
2026-02-02 19:48:19 INFO  Common_Step_definition:16 - Execution Started
2026-02-02 19:48:19 INFO  Common_Step_definition:18 - Instantiated the commonUtils
2026-02-02 19:48:19 INFO  Common_Step_definition:21 - loading the config properties file
2026-02-02 19:48:19 INFO  Common_Step_definition:24 - Checking the Driver is Null or Not?
2026-02-02 19:58:54 INFO  Common_Step_definition:16 - Execution Started
2026-02-02 19:58:54 INFO  Common_Step_definition:18 - Instantiated the commonUtils
2026-02-02 19:58:54 INFO  Common_Step_definition:21 - loading the config properties file
2026-02-02 19:58:54 INFO  Common_Step_definition:24 - Checking the Driver is Null or Not?
2026-02-02 19:58:54 INFO  Common_Step_definition:26 - Driver is Null. Instatiating it!
2026-02-02 19:58:56 INFO  DriverManager:29 - Launchingchrome
2026-02-02 19:59:21 INFO  DriverManager:54 - User logged in successfully and is on Home Page
2026-02-02 19:59:21 INFO  Common_Step_definition:16 - Execution Started
2026-02-02 19:59:21 INFO  Common_Step_definition:18 - Instantiated the commonUtils
2026-02-02 19:59:21 INFO  Common_Step_definition:21 - loading the config properties file
2026-02-02 19:59:21 INFO  Common_Step_definition:24 - Checking the Driver is Null or Not?
2026-02-02 20:11:41 INFO  Common_Step_definition:16 - Execution Started
2026-02-02 20:11:41 INFO  Common_Step_definition:18 - Instantiated the commonUtils
2026-02-02 20:11:41 INFO  Common_Step_definition:21 - loading the config properties file
2026-02-02 20:11:41 INFO  Common_Step_definition:24 - Checking the Driver is Null or Not?
2026-02-02 20:11:41 INFO  Common_Step_definition:26 - Driver is Null. Instatiating it!
2026-02-02 20:11:41 INFO  DriverManager:29 - Launchingchrome
2026-02-02 20:12:00 INFO  DriverManager:54 - User logged in successfully and is on Home Page
2026-02-02 20:12:00 INFO  Common_Step_definition:16 - Execution Started
2026-02-02 20:12:00 INFO  Common_Step_definition:18 - Instantiated the commonUtils
2026-02-02 20:12:00 INFO  Common_Step_definition:21 - loading the config properties file
2026-02-02 20:12:00 INFO  Common_Step_definition:24 - Checking the Driver is Null or Not?
2026-02-02 20:23:49 INFO  Common_Step_definition:16 - Execution Started
2026-02-02 20:23:49 INFO  Common_Step_definition:18 - Instantiated the commonUtils
2026-02-02 20:23:49 INFO  Common_Step_definition:21 - loading the config properties file
2026-02-02 20:23:49 INFO  Common_Step_definition:24 - Checking the Driver is Null or Not?
2026-02-02 20:23:49 INFO  Common_Step_definition:26 - Driver is Null. Instatiating it!
2026-02-02 20:23:49 INFO  DriverManager:29 - Launchingchrome
2026-02-02 20:24:25 INFO  DriverManager:55 - User logged in successfully and is on Home Page
2026-02-02 20:24:25 INFO  Common_Step_definition:16 - Execution Started
2026-02-02 20:24:25 INFO  Common_Step_definition:18 - Instantiated the commonUtils
2026-02-02 20:24:25 INFO  Common_Step_definition:21 - loading the config properties file
2026-02-02 20:24:25 INFO  Common_Step_definition:24 - Checking the Driver is Null or Not?
2026-02-02 20:25:57 INFO  Common_Step_definition:16 - Execution Started
2026-02-02 20:25:57 INFO  Common_Step_definition:18 - Instantiated the commonUtils
2026-02-02 20:25:57 INFO  Common_Step_definition:21 - loading the config properties file
2026-02-02 20:25:57 INFO  Common_Step_definition:24 - Checking the Driver is Null or Not?
2026-02-02 20:25:57 INFO  Common_Step_definition:26 - Driver is Null. Instatiating it!
2026-02-02 20:25:58 INFO  DriverManager:29 - Launchingchrome
2026-02-02 20:26:31 INFO  DriverManager:55 - User logged in successfully and is on Home Page
2026-02-02 20:29:50 INFO  Common_Step_definition:16 - Execution Started
2026-02-02 20:29:50 INFO  Common_Step_definition:18 - Instantiated the commonUtils
2026-02-02 20:29:50 INFO  Common_Step_definition:21 - loading the config properties file
2026-02-02 20:29:50 INFO  Common_Step_definition:24 - Checking the Driver is Null or Not?
2026-02-02 20:29:50 INFO  Common_Step_definition:26 - Driver is Null. Instatiating it!
2026-02-02 20:29:50 INFO  DriverManager:29 - Launchingchrome
2026-02-02 20:30:23 INFO  DriverManager:55 - User logged in successfully and is on Home Page
2026-02-02 20:48:15 INFO  Common_Step_definition:16 - Execution Started
2026-02-02 20:48:15 INFO  Common_Step_definition:18 - Instantiated the commonUtils
2026-02-02 20:48:15 INFO  Common_Step_definition:21 - loading the config properties file
2026-02-02 20:48:15 INFO  Common_Step_definition:24 - Checking the Driver is Null or Not?
2026-02-02 20:48:15 INFO  Common_Step_definition:26 - Driver is Null. Instatiating it!
2026-02-02 20:48:16 INFO  DriverManager:29 - Launchingchrome
2026-02-02 20:48:33 INFO  DriverManager:55 - User logged in successfully and is on Home Page
2026-02-02 20:48:36 INFO  DriverManager:78 - User clicked on Directory menu
2026-02-02 20:48:36 INFO  DriverManager:85 - the user selects the job title as {string} from the drop down
2026-02-04 13:43:13 INFO  Common_Step_definition:16 - Execution Started
2026-02-04 13:43:13 INFO  Common_Step_definition:18 - Instantiated the commonUtils
2026-02-04 13:43:13 INFO  Common_Step_definition:21 - loading the config properties file
2026-02-04 13:43:13 INFO  Common_Step_definition:24 - Checking the Driver is Null or Not?
2026-02-04 13:43:13 INFO  Common_Step_definition:26 - Driver is Null. Instatiating it!
2026-02-04 13:43:19 INFO  DriverManager:29 - Launchingchrome
2026-02-04 13:43:34 INFO  DriverManager:55 - User logged in successfully and is on Home Page
2026-02-04 13:43:36 INFO  DriverManager:78 - User clicked on Directory menu
2026-02-04 13:43:36 INFO  DriverManager:85 - the user selects the job title as {string} from the drop down
2026-02-05 13:06:24 INFO  Common_Step_definition:16 - Execution Started
2026-02-05 13:06:24 INFO  Common_Step_definition:18 - Instantiated the commonUtils
2026-02-05 13:06:24 INFO  Common_Step_definition:21 - loading the config properties file
2026-02-05 13:06:24 INFO  Common_Step_definition:24 - Checking the Driver is Null or Not?
2026-02-05 13:06:24 INFO  Common_Step_definition:26 - Driver is Null. Instatiating it!
2026-02-05 13:06:27 INFO  DriverManager:29 - Launchingchrome
2026-02-05 15:13:03 INFO  Common_Step_definition:16 - Execution Started
2026-02-05 15:13:03 INFO  Common_Step_definition:18 - Instantiated the commonUtils
2026-02-05 15:13:03 INFO  Common_Step_definition:21 - loading the config properties file
2026-02-05 15:13:03 INFO  Common_Step_definition:24 - Checking the Driver is Null or Not?
2026-02-05 15:13:03 INFO  Common_Step_definition:26 - Driver is Null. Instatiating it!
2026-02-05 15:13:05 INFO  DriverManager:29 - Launchingchrome
2026-02-05 15:13:34 INFO  DriverManager:55 - User logged in successfully and is on Home Page
2026-02-05 15:13:40 INFO  DriverManager:78 - User clicked on Directory menu
2026-02-05 15:13:40 INFO  DriverManager:85 - the user selects the job title as {string} from the drop down
2026-02-05 16:48:06 INFO  Common_Step_definition:16 - Execution Started
2026-02-05 16:48:06 INFO  Common_Step_definition:18 - Instantiated the commonUtils
2026-02-05 16:48:06 INFO  Common_Step_definition:21 - loading the config properties file
2026-02-05 16:48:06 INFO  Common_Step_definition:24 - Checking the Driver is Null or Not?
2026-02-05 16:48:06 INFO  Common_Step_definition:26 - Driver is Null. Instatiating it!
2026-02-05 16:48:10 INFO  DriverManager:29 - Launchingchrome
2026-02-05 17:01:22 INFO  Common_Step_definition:16 - Execution Started
2026-02-05 17:01:22 INFO  Common_Step_definition:18 - Instantiated the commonUtils
2026-02-05 17:01:22 INFO  Common_Step_definition:21 - loading the config properties file
2026-02-05 17:01:22 INFO  Common_Step_definition:24 - Checking the Driver is Null or Not?
2026-02-05 17:01:22 INFO  Common_Step_definition:26 - Driver is Null. Instatiating it!
2026-02-05 17:01:23 INFO  DriverManager:29 - Launchingchrome
2026-02-05 17:01:46 INFO  DriverManager:55 - User logged in successfully and is on Home Page
2026-02-05 17:01:49 INFO  DriverManager:78 - User clicked on Directory menu
2026-02-05 17:01:49 INFO  DriverManager:85 - the user selects the job title as {string} from the drop down
2026-02-05 21:59:44 INFO  Common_Step_definition:16 - Execution Started
2026-02-05 21:59:44 INFO  Common_Step_definition:18 - Instantiated the commonUtils
2026-02-05 21:59:44 INFO  Common_Step_definition:21 - loading the config properties file
2026-02-05 21:59:44 INFO  Common_Step_definition:24 - Checking the Driver is Null or Not?
2026-02-05 21:59:44 INFO  Common_Step_definition:26 - Driver is Null. Instatiating it!
2026-02-05 21:59:46 INFO  DriverManager:29 - Launchingchrome
2026-02-05 22:00:04 INFO  DriverManager:57 - User logged in successfully and is on Home Page
2026-02-05 22:00:06 INFO  DriverManager:80 - User clicked on Directory menu
2026-02-05 22:13:25 INFO  Common_Step_definition:16 - Execution Started
2026-02-05 22:13:25 INFO  Common_Step_definition:18 - Instantiated the commonUtils
2026-02-05 22:13:25 INFO  Common_Step_definition:21 - loading the config properties file
2026-02-05 22:13:25 INFO  Common_Step_definition:24 - Checking the Driver is Null or Not?
2026-02-05 22:13:25 INFO  Common_Step_definition:26 - Driver is Null. Instatiating it!
2026-02-05 22:13:26 INFO  DriverManager:29 - Launchingchrome
2026-02-05 22:13:52 INFO  DriverManager:57 - User logged in successfully and is on Home Page
2026-02-05 22:13:55 INFO  DriverManager:80 - User clicked on Directory menu
2026-02-06 12:19:30 INFO  Common_Step_definition:16 - Execution Started
2026-02-06 12:19:30 INFO  Common_Step_definition:18 - Instantiated the commonUtils
2026-02-06 12:19:30 INFO  Common_Step_definition:21 - loading the config properties file
2026-02-06 12:19:30 INFO  Common_Step_definition:24 - Checking the Driver is Null or Not?
2026-02-06 12:19:30 INFO  Common_Step_definition:26 - Driver is Null. Instatiating it!
2026-02-06 12:19:32 INFO  DriverManager:29 - Launchingchrome
2026-02-06 12:20:14 INFO  DriverManager:57 - User logged in successfully and is on Home Page
2026-02-06 12:20:25 INFO  DriverManager:80 - User clicked on Directory menu
2026-02-06 13:02:19 INFO  Common_Step_definition:16 - Execution Started
2026-02-06 13:02:19 INFO  Common_Step_definition:18 - Instantiated the commonUtils
2026-02-06 13:02:19 INFO  Common_Step_definition:21 - loading the config properties file
2026-02-06 13:02:19 INFO  Common_Step_definition:24 - Checking the Driver is Null or Not?
2026-02-06 13:02:19 INFO  Common_Step_definition:26 - Driver is Null. Instatiating it!
2026-02-06 13:02:20 INFO  DriverManager:29 - Launchingchrome
2026-02-06 13:03:30 INFO  DriverManager:57 - User logged in successfully and is on Home Page
2026-02-06 13:03:34 INFO  DriverManager:80 - User clicked on Directory menu
2026-02-06 15:55:49 INFO  Common_Step_definition:16 - Execution Started
2026-02-06 15:55:49 INFO  Common_Step_definition:18 - Instantiated the commonUtils
2026-02-06 15:55:49 INFO  Common_Step_definition:21 - loading the config properties file
2026-02-06 15:55:49 INFO  Common_Step_definition:24 - Checking the Driver is Null or Not?
2026-02-06 15:55:49 INFO  Common_Step_definition:26 - Driver is Null. Instatiating it!
2026-02-06 15:55:52 INFO  DriverManager:29 - Launchingchrome
2026-02-06 15:56:14 INFO  DriverManager:59 - User logged in successfully and is on Home Page
2026-02-06 15:56:18 INFO  DriverManager:82 - User clicked on Directory menu
2026-02-06 16:26:08 INFO  Common_Step_definition:16 - Execution Started
2026-02-06 16:26:08 INFO  Common_Step_definition:18 - Instantiated the commonUtils
2026-02-06 16:26:08 INFO  Common_Step_definition:21 - loading the config properties file
2026-02-06 16:26:08 INFO  Common_Step_definition:24 - Checking the Driver is Null or Not?
2026-02-06 16:26:08 INFO  Common_Step_definition:26 - Driver is Null. Instatiating it!
2026-02-06 16:26:09 INFO  DriverManager:29 - Launchingchrome
2026-02-06 16:27:32 INFO  DriverManager:59 - User logged in successfully and is on Home Page
2026-02-06 16:30:22 INFO  Common_Step_definition:16 - Execution Started
2026-02-06 16:30:22 INFO  Common_Step_definition:18 - Instantiated the commonUtils
2026-02-06 16:30:22 INFO  Common_Step_definition:21 - loading the config properties file
2026-02-06 16:30:22 INFO  Common_Step_definition:24 - Checking the Driver is Null or Not?
2026-02-06 16:30:23 INFO  Common_Step_definition:26 - Driver is Null. Instatiating it!
2026-02-06 16:30:23 INFO  DriverManager:29 - Launchingchrome
2026-02-06 16:32:11 INFO  DriverManager:59 - User logged in successfully and is on Home Page
2026-02-06 16:39:27 INFO  Common_Step_definition:16 - Execution Started
2026-02-06 16:39:27 INFO  Common_Step_definition:18 - Instantiated the commonUtils
2026-02-06 16:39:27 INFO  Common_Step_definition:21 - loading the config properties file
2026-02-06 16:39:27 INFO  Common_Step_definition:24 - Checking the Driver is Null or Not?
2026-02-06 16:39:27 INFO  Common_Step_definition:26 - Driver is Null. Instatiating it!
2026-02-06 16:39:28 INFO  DriverManager:29 - Launchingchrome
2026-02-06 16:39:55 INFO  DriverManager:60 - User logged in successfully and is on Home Page
2026-02-06 16:40:04 INFO  DriverManager:82 - User clicked on Directory menu
2026-02-09 16:27:07 INFO  Common_Step_definition:16 - Execution Started
2026-02-09 16:27:07 INFO  Common_Step_definition:18 - Instantiated the commonUtils
2026-02-09 16:27:07 INFO  Common_Step_definition:21 - loading the config properties file
2026-02-09 16:27:07 INFO  Common_Step_definition:24 - Checking the Driver is Null or Not?
2026-02-09 16:27:07 INFO  Common_Step_definition:26 - Driver is Null. Instatiating it!
2026-02-09 16:27:11 INFO  DriverManager:29 - Launchingchrome
2026-02-09 16:27:38 INFO  DriverManager:60 - User logged in successfully and is on Home Page
2026-02-09 16:27:44 INFO  DriverManager:82 - User clicked on Directory menu
2026-02-10 16:57:12 INFO  Common_Step_definition:16 - Execution Started
2026-02-10 16:57:12 INFO  Common_Step_definition:18 - Instantiated the commonUtils
2026-02-10 16:57:12 INFO  Common_Step_definition:21 - loading the config properties file
2026-02-10 16:57:12 INFO  Common_Step_definition:24 - Checking the Driver is Null or Not?
2026-02-10 16:57:12 INFO  Common_Step_definition:26 - Driver is Null. Instatiating it!
2026-02-10 16:57:14 INFO  DriverManager:29 - Launchingchrome
2026-02-10 17:07:48 INFO  Common_Step_definition:16 - Execution Started
2026-02-10 17:07:48 INFO  Common_Step_definition:18 - Instantiated the commonUtils
2026-02-10 17:07:48 INFO  Common_Step_definition:21 - loading the config properties file
2026-02-10 17:07:48 INFO  Common_Step_definition:24 - Checking the Driver is Null or Not?
2026-02-10 17:07:48 INFO  Common_Step_definition:26 - Driver is Null. Instatiating it!
2026-02-10 17:07:49 INFO  DriverManager:29 - Launchingchrome
2026-02-11 12:34:58 INFO  Common_Step_definition:16 - Execution Started
2026-02-11 12:34:58 INFO  Common_Step_definition:18 - Instantiated the commonUtils
2026-02-11 12:34:58 INFO  Common_Step_definition:21 - loading the config properties file
2026-02-11 12:34:58 INFO  Common_Step_definition:24 - Checking the Driver is Null or Not?
2026-02-11 12:34:58 INFO  Common_Step_definition:26 - Driver is Null. Instatiating it!
2026-02-11 12:35:01 INFO  DriverManager:29 - Launchingchrome
2026-02-11 13:41:59 INFO  Common_Step_definition:16 - Execution Started
2026-02-11 13:41:59 INFO  Common_Step_definition:18 - Instantiated the commonUtils
2026-02-11 13:41:59 INFO  Common_Step_definition:21 - loading the config properties file
2026-02-11 13:41:59 INFO  Common_Step_definition:24 - Checking the Driver is Null or Not?
2026-02-11 13:41:59 INFO  Common_Step_definition:26 - Driver is Null. Instatiating it!
2026-02-11 13:42:01 INFO  DriverManager:29 - Launchingchrome
2026-02-11 13:42:24 INFO  DriverManager:32 -  the user is logged in successfully and is on Home Page
2026-02-11 13:42:32 INFO  DriverManager:62 - the user clicks on the directory option from the menu bar
2026-02-11 14:45:23 INFO  Common_Step_definition:16 - Execution Started
2026-02-11 14:45:23 INFO  Common_Step_definition:18 - Instantiated the commonUtils
2026-02-11 14:45:23 INFO  Common_Step_definition:21 - loading the config properties file
2026-02-11 14:45:23 INFO  Common_Step_definition:24 - Checking the Driver is Null or Not?
2026-02-11 14:45:23 INFO  Common_Step_definition:26 - Driver is Null. Instatiating it!
2026-02-11 14:48:42 INFO  DriverManager:29 - Launchingchrome
2026-02-11 15:01:49 INFO  Common_Step_definition:16 - Execution Started
2026-02-11 15:01:49 INFO  Common_Step_definition:18 - Instantiated the commonUtils
2026-02-11 15:01:49 INFO  Common_Step_definition:21 - loading the config properties file
2026-02-11 15:01:49 INFO  Common_Step_definition:24 - Checking the Driver is Null or Not?
2026-02-11 15:01:49 INFO  Common_Step_definition:26 - Driver is Null. Instatiating it!
2026-02-11 15:01:50 INFO  DriverManager:29 - Launchingchrome
2026-02-11 16:28:58 INFO  Common_Step_definition:16 - Execution Started
2026-02-11 16:28:58 INFO  Common_Step_definition:18 - Instantiated the commonUtils
2026-02-11 16:28:58 INFO  Common_Step_definition:21 - loading the config properties file
2026-02-11 16:28:58 INFO  Common_Step_definition:24 - Checking the Driver is Null or Not?
2026-02-11 16:28:58 INFO  Common_Step_definition:26 - Driver is Null. Instatiating it!
2026-02-11 16:29:01 INFO  DriverManager:29 - Launchingchrome
2026-02-11 16:31:16 INFO  Common_Step_definition:16 - Execution Started
2026-02-11 16:31:16 INFO  Common_Step_definition:18 - Instantiated the commonUtils
2026-02-11 16:31:16 INFO  Common_Step_definition:21 - loading the config properties file
2026-02-11 16:31:16 INFO  Common_Step_definition:24 - Checking the Driver is Null or Not?
2026-02-11 16:31:51 INFO  Common_Step_definition:16 - Execution Started
2026-02-11 16:31:51 INFO  Common_Step_definition:18 - Instantiated the commonUtils
2026-02-11 16:31:51 INFO  Common_Step_definition:21 - loading the config properties file
2026-02-11 16:31:51 INFO  Common_Step_definition:24 - Checking the Driver is Null or Not?
2026-02-11 16:31:51 INFO  Common_Step_definition:26 - Driver is Null. Instatiating it!
2026-02-11 16:31:52 INFO  DriverManager:29 - Launchingchrome
2026-02-11 16:33:45 INFO  Common_Step_definition:16 - Execution Started
2026-02-11 16:33:45 INFO  Common_Step_definition:18 - Instantiated the commonUtils
2026-02-11 16:33:45 INFO  Common_Step_definition:21 - loading the config properties file
2026-02-11 16:33:45 INFO  Common_Step_definition:24 - Checking the Driver is Null or Not?
2026-02-11 16:36:42 INFO  Common_Step_definition:16 - Execution Started
2026-02-11 16:36:42 INFO  Common_Step_definition:18 - Instantiated the commonUtils
2026-02-11 16:36:42 INFO  Common_Step_definition:21 - loading the config properties file
2026-02-11 16:36:42 INFO  Common_Step_definition:24 - Checking the Driver is Null or Not?
2026-02-11 16:36:42 INFO  Common_Step_definition:26 - Driver is Null. Instatiating it!
2026-02-11 16:36:43 INFO  DriverManager:29 - Launchingchrome
2026-02-11 16:39:37 INFO  Common_Step_definition:16 - Execution Started
2026-02-11 16:39:37 INFO  Common_Step_definition:18 - Instantiated the commonUtils
2026-02-11 16:39:37 INFO  Common_Step_definition:21 - loading the config properties file
2026-02-11 16:39:37 INFO  Common_Step_definition:24 - Checking the Driver is Null or Not?
2026-02-11 16:43:42 INFO  Common_Step_definition:16 - Execution Started
2026-02-11 16:43:42 INFO  Common_Step_definition:18 - Instantiated the commonUtils
2026-02-11 16:43:42 INFO  Common_Step_definition:21 - loading the config properties file
2026-02-11 16:43:42 INFO  Common_Step_definition:24 - Checking the Driver is Null or Not?
2026-02-11 16:43:42 INFO  Common_Step_definition:26 - Driver is Null. Instatiating it!
2026-02-11 16:43:42 INFO  DriverManager:29 - Launchingchrome
2026-02-11 16:44:26 INFO  DriverManager:62 - the user clicks on the directory option from the menu bar
2026-02-11 16:44:34 INFO  DriverManager:96 - the user selects the job title as from the drop down
2026-02-11 16:44:34 INFO  DriverManager:103 - clicks the search button
2026-02-11 16:44:34 INFO  Common_Step_definition:16 - Execution Started
2026-02-11 16:44:34 INFO  Common_Step_definition:18 - Instantiated the commonUtils
2026-02-11 16:44:34 INFO  Common_Step_definition:21 - loading the config properties file
2026-02-11 16:44:34 INFO  Common_Step_definition:24 - Checking the Driver is Null or Not?
2026-02-13 17:43:26 INFO  Common_Step_definition:24 - Execution Started
2026-02-13 17:43:26 INFO  Common_Step_definition:27 - Instantiated the commonUtils
2026-02-13 17:43:26 INFO  Common_Step_definition:30 - loading the config properties file
2026-02-13 17:43:26 INFO  Common_Step_definition:33 - Checking the Driver is Null or Not?
2026-02-13 17:43:26 INFO  Common_Step_definition:35 - Driver is Null. Instatiating it!
2026-02-13 17:43:29 INFO  DriverManager:29 - Launchingchrome
2026-02-13 17:44:00 INFO  DriverManager:32 -  the user is logged in successfully and is on Home Page
2026-02-13 17:44:08 INFO  DriverManager:68 - the user clicks on the directory option from the menu bar
2026-02-13 17:44:11 INFO  DriverManager:107 - the user selects the job title as from the drop down
2026-02-13 17:44:11 INFO  DriverManager:119 - clicks the search button
2026-02-13 17:44:11 INFO  Common_Step_definition:24 - Execution Started
2026-02-13 17:44:11 INFO  Common_Step_definition:27 - Instantiated the commonUtils
2026-02-13 17:44:11 INFO  Common_Step_definition:30 - loading the config properties file
2026-02-13 17:44:11 INFO  Common_Step_definition:33 - Checking the Driver is Null or Not?
2026-02-13 17:44:20 ERROR Verify_Pending_Timesheets_Step_def:45 - java.lang.NullPointerException: Cannot invoke "org.openqa.selenium.WebElement.sendKeys(java.lang.CharSequence[])" because "this.ENTEREMPOLYEENAME" is null
2026-02-13 17:44:20 ERROR Verify_Pending_Timesheets_Step_def:56 - java.lang.NullPointerException: Cannot invoke "org.openqa.selenium.WebElement.getText()" because "this.NAME" is null
2026-02-13 17:58:18 INFO  Common_Step_definition:24 - Execution Started
2026-02-13 17:58:18 INFO  Common_Step_definition:27 - Instantiated the commonUtils
2026-02-13 17:58:18 INFO  Common_Step_definition:30 - loading the config properties file
2026-02-13 17:58:18 INFO  Common_Step_definition:33 - Checking the Driver is Null or Not?
2026-02-13 17:58:18 INFO  Common_Step_definition:35 - Driver is Null. Instatiating it!
2026-02-13 17:58:19 INFO  DriverManager:29 - Launchingchrome
2026-02-13 17:58:36 INFO  DriverManager:32 -  the user is logged in successfully and is on Home Page
2026-02-13 17:58:38 INFO  DriverManager:68 - the user clicks on the directory option from the menu bar
2026-02-13 17:58:41 INFO  DriverManager:107 - the user selects the job title as from the drop down
2026-02-13 17:58:41 ERROR DriverManager:121 - org.openqa.selenium.JavascriptException: javascript error: Unexpected token ')'
  (Session info: chrome=144.0.7559.133)
Build info: version: '4.9.1', revision: 'eb2032df7f'
System info: os.name: 'Windows 10', os.arch: 'amd64', os.version: '10.0', java.version: '21.0.3'
Driver info: org.openqa.selenium.chrome.ChromeDriver
Command: [e4e26fd53323b4699db9e205ad733a3d, executeScript {script=arguments[0].setAtrribute('style','border: 3px solid red');), args=[{element-6066-11e4-a52e-4f735466cecf=f.A1B9EB983B43E890B9E80FC7FCD2B290.d.52E820BEE3CE6B2D7DAC7FEDB6E64D88.e.52}]}]
Capabilities {acceptInsecureCerts: false, browserName: chrome, browserVersion: 144.0.7559.133, chrome: {chromedriverVersion: 144.0.7559.133 (7da823b1d59..., userDataDir: C:\Users\LAKSHM~1\AppData\L...}, fedcm:accounts: true, goog:chromeOptions: {debuggerAddress: localhost:64679}, goog:processID: 6408, networkConnectionEnabled: false, pageLoadStrategy: normal, platformName: windows, proxy: Proxy(), se:cdp: ws://localhost:64679/devtoo..., se:cdpVersion: 144.0.7559.133, setWindowRect: true, strictFileInteractability: false, timeouts: {implicit: 0, pageLoad: 300000, script: 30000}, unhandledPromptBehavior: dismiss and notify, webauthn:extension:credBlob: true, webauthn:extension:largeBlob: true, webauthn:extension:minPinLength: true, webauthn:extension:prf: true, webauthn:virtualAuthenticators: true}
Session ID: e4e26fd53323b4699db9e205ad733a3d
2026-02-13 17:58:41 INFO  Common_Step_definition:24 - Execution Started
2026-02-13 17:58:41 INFO  Common_Step_definition:27 - Instantiated the commonUtils
2026-02-13 17:58:41 INFO  Common_Step_definition:30 - loading the config properties file
2026-02-13 17:58:41 INFO  Common_Step_definition:33 - Checking the Driver is Null or Not?
2026-02-13 17:58:44 ERROR Verify_Pending_Timesheets_Step_def:45 - java.lang.NullPointerException: Cannot invoke "org.openqa.selenium.WebElement.sendKeys(java.lang.CharSequence[])" because "this.ENTEREMPOLYEENAME" is null
2026-02-13 17:58:44 ERROR Verify_Pending_Timesheets_Step_def:56 - java.lang.NullPointerException: Cannot invoke "org.openqa.selenium.WebElement.getText()" because "this.NAME" is null
2026-02-13 18:00:39 INFO  Common_Step_definition:24 - Execution Started
2026-02-13 18:00:39 INFO  Common_Step_definition:27 - Instantiated the commonUtils
2026-02-13 18:00:39 INFO  Common_Step_definition:30 - loading the config properties file
2026-02-13 18:00:39 INFO  Common_Step_definition:33 - Checking the Driver is Null or Not?
2026-02-13 18:00:39 INFO  Common_Step_definition:35 - Driver is Null. Instatiating it!
2026-02-13 18:00:40 INFO  DriverManager:29 - Launchingchrome
2026-02-13 18:01:25 INFO  DriverManager:32 -  the user is logged in successfully and is on Home Page
2026-02-13 18:01:27 INFO  DriverManager:68 - the user clicks on the directory option from the menu bar
2026-02-13 18:01:29 INFO  DriverManager:107 - the user selects the job title as from the drop down
2026-02-13 18:01:29 ERROR DriverManager:121 - org.openqa.selenium.JavascriptException: javascript error: Unexpected token ')'
  (Session info: chrome=144.0.7559.133)
Build info: version: '4.9.1', revision: 'eb2032df7f'
System info: os.name: 'Windows 10', os.arch: 'amd64', os.version: '10.0', java.version: '21.0.3'
Driver info: org.openqa.selenium.chrome.ChromeDriver
Command: [2cc0cb28fc273a3911d344137219ddba, executeScript {script=arguments[0].setAtrribute('style','border: 3px solid red');), args=[{element-6066-11e4-a52e-4f735466cecf=f.BD0AC187D670A24237EF7E735F27CB52.d.E825E50F2D5D94FEB1283B80E0239D06.e.54}]}]
Capabilities {acceptInsecureCerts: false, browserName: chrome, browserVersion: 144.0.7559.133, chrome: {chromedriverVersion: 144.0.7559.133 (7da823b1d59..., userDataDir: C:\Users\LAKSHM~1\AppData\L...}, fedcm:accounts: true, goog:chromeOptions: {debuggerAddress: localhost:64728}, goog:processID: 11700, networkConnectionEnabled: false, pageLoadStrategy: normal, platformName: windows, proxy: Proxy(), se:cdp: ws://localhost:64728/devtoo..., se:cdpVersion: 144.0.7559.133, setWindowRect: true, strictFileInteractability: false, timeouts: {implicit: 0, pageLoad: 300000, script: 30000}, unhandledPromptBehavior: dismiss and notify, webauthn:extension:credBlob: true, webauthn:extension:largeBlob: true, webauthn:extension:minPinLength: true, webauthn:extension:prf: true, webauthn:virtualAuthenticators: true}
Session ID: 2cc0cb28fc273a3911d344137219ddba
2026-02-13 18:01:29 INFO  Common_Step_definition:24 - Execution Started
2026-02-13 18:01:29 INFO  Common_Step_definition:27 - Instantiated the commonUtils
2026-02-13 18:01:29 INFO  Common_Step_definition:30 - loading the config properties file
2026-02-13 18:01:29 INFO  Common_Step_definition:33 - Checking the Driver is Null or Not?
2026-02-13 18:01:31 ERROR Verify_Pending_Timesheets_Step_def:45 - java.lang.NullPointerException: Cannot invoke "org.openqa.selenium.WebElement.sendKeys(java.lang.CharSequence[])" because "this.ENTEREMPOLYEENAME" is null
2026-02-13 18:01:31 ERROR Verify_Pending_Timesheets_Step_def:56 - java.lang.NullPointerException: Cannot invoke "org.openqa.selenium.WebElement.getText()" because "this.NAME" is null
2026-02-13 18:21:53 INFO  Common_Step_definition:24 - Execution Started
2026-02-13 18:21:53 INFO  Common_Step_definition:27 - Instantiated the commonUtils
2026-02-13 18:21:53 INFO  Common_Step_definition:30 - loading the config properties file
2026-02-13 18:21:53 INFO  Common_Step_definition:33 - Checking the Driver is Null or Not?
2026-02-13 18:21:53 INFO  Common_Step_definition:35 - Driver is Null. Instatiating it!
2026-02-13 18:21:54 INFO  DriverManager:29 - Launchingchrome
2026-02-13 18:22:53 INFO  DriverManager:32 -  the user is logged in successfully and is on Home Page
2026-02-13 18:23:00 INFO  DriverManager:68 - the user clicks on the directory option from the menu bar
2026-02-13 18:23:07 INFO  DriverManager:107 - the user selects the job title as from the drop down
2026-02-13 18:23:07 ERROR DriverManager:121 - org.openqa.selenium.JavascriptException: javascript error: Unexpected token ')'
  (Session info: chrome=144.0.7559.133)
Build info: version: '4.9.1', revision: 'eb2032df7f'
System info: os.name: 'Windows 10', os.arch: 'amd64', os.version: '10.0', java.version: '21.0.3'
Driver info: org.openqa.selenium.chrome.ChromeDriver
Command: [71a5d5b6641ee5ebbd2f516a471cfb6c, executeScript {script=arguments[0].setAtrribute('style','border: 3px solid red');), args=[{element-6066-11e4-a52e-4f735466cecf=f.3759FA772479F827A76E3AA33623184B.d.89AAA65A87E32ACCC7A0710DAA514B36.e.58}]}]
Capabilities {acceptInsecureCerts: false, browserName: chrome, browserVersion: 144.0.7559.133, chrome: {chromedriverVersion: 144.0.7559.133 (7da823b1d59..., userDataDir: C:\Users\LAKSHM~1\AppData\L...}, fedcm:accounts: true, goog:chromeOptions: {debuggerAddress: localhost:58256}, goog:processID: 2400, networkConnectionEnabled: false, pageLoadStrategy: normal, platformName: windows, proxy: Proxy(), se:cdp: ws://localhost:58256/devtoo..., se:cdpVersion: 144.0.7559.133, setWindowRect: true, strictFileInteractability: false, timeouts: {implicit: 0, pageLoad: 300000, script: 30000}, unhandledPromptBehavior: dismiss and notify, webauthn:extension:credBlob: true, webauthn:extension:largeBlob: true, webauthn:extension:minPinLength: true, webauthn:extension:prf: true, webauthn:virtualAuthenticators: true}
Session ID: 71a5d5b6641ee5ebbd2f516a471cfb6c
2026-02-13 18:23:07 INFO  Common_Step_definition:24 - Execution Started
2026-02-13 18:23:07 INFO  Common_Step_definition:27 - Instantiated the commonUtils
2026-02-13 18:23:07 INFO  Common_Step_definition:30 - loading the config properties file
2026-02-13 18:23:07 INFO  Common_Step_definition:33 - Checking the Driver is Null or Not?
2026-02-13 18:23:18 ERROR Verify_Pending_Timesheets_Step_def:45 - java.lang.NullPointerException: Cannot invoke "org.openqa.selenium.WebElement.sendKeys(java.lang.CharSequence[])" because "this.ENTEREMPOLYEENAME" is null
2026-02-13 18:23:18 ERROR Verify_Pending_Timesheets_Step_def:56 - java.lang.NullPointerException: Cannot invoke "org.openqa.selenium.WebElement.getText()" because "this.NAME" is null
2026-02-15 13:37:59 INFO  Common_Step_definition:24 - Execution Started
2026-02-15 13:37:59 INFO  Common_Step_definition:27 - Instantiated the commonUtils
2026-02-15 13:37:59 INFO  Common_Step_definition:30 - loading the config properties file
2026-02-15 13:37:59 INFO  Common_Step_definition:33 - Checking the Driver is Null or Not?
2026-02-15 13:37:59 INFO  Common_Step_definition:35 - Driver is Null. Instatiating it!
2026-02-15 13:38:03 INFO  DriverManager:29 - Launchingchrome
2026-02-15 13:38:20 INFO  DriverManager:68 - the user clicks on the directory option from the menu bar
2026-02-15 13:38:21 INFO  DriverManager:107 - the user selects the job title as from the drop down
2026-02-15 13:38:21 ERROR DriverManager:121 - org.openqa.selenium.JavascriptException: javascript error: Unexpected token ')'
  (Session info: chrome=144.0.7559.133)
Build info: version: '4.9.1', revision: 'eb2032df7f'
System info: os.name: 'Windows 10', os.arch: 'amd64', os.version: '10.0', java.version: '21.0.3'
Driver info: org.openqa.selenium.chrome.ChromeDriver
Command: [33521b81ffa8685ce61620daf6a3712d, executeScript {script=arguments[0].setAtrribute('style','border: 3px solid red');), args=[{element-6066-11e4-a52e-4f735466cecf=f.A10170DA59073712223C0C8DF4E01615.d.9A70C90A65360444B3C26731075AA27C.e.23}]}]
Capabilities {acceptInsecureCerts: false, browserName: chrome, browserVersion: 144.0.7559.133, chrome: {chromedriverVersion: 144.0.7559.133 (7da823b1d59..., userDataDir: C:\Users\LAKSHM~1\AppData\L...}, fedcm:accounts: true, goog:chromeOptions: {debuggerAddress: localhost:55939}, goog:processID: 7832, networkConnectionEnabled: false, pageLoadStrategy: normal, platformName: windows, proxy: Proxy(), se:cdp: ws://localhost:55939/devtoo..., se:cdpVersion: 144.0.7559.133, setWindowRect: true, strictFileInteractability: false, timeouts: {implicit: 0, pageLoad: 300000, script: 30000}, unhandledPromptBehavior: dismiss and notify, webauthn:extension:credBlob: true, webauthn:extension:largeBlob: true, webauthn:extension:minPinLength: true, webauthn:extension:prf: true, webauthn:virtualAuthenticators: true}
Session ID: 33521b81ffa8685ce61620daf6a3712d
2026-02-15 13:38:22 INFO  Common_Step_definition:24 - Execution Started
2026-02-15 13:38:22 INFO  Common_Step_definition:27 - Instantiated the commonUtils
2026-02-15 13:38:22 INFO  Common_Step_definition:30 - loading the config properties file
2026-02-15 13:38:22 INFO  Common_Step_definition:33 - Checking the Driver is Null or Not?
2026-02-15 13:38:24 ERROR Verify_Pending_Timesheets_Step_def:45 - java.lang.NullPointerException: Cannot invoke "org.openqa.selenium.WebElement.sendKeys(java.lang.CharSequence[])" because "this.ENTEREMPOLYEENAME" is null
2026-02-15 13:38:24 ERROR Verify_Pending_Timesheets_Step_def:56 - java.lang.NullPointerException: Cannot invoke "org.openqa.selenium.WebElement.getText()" because "this.NAME" is null
2026-02-15 15:09:51 INFO  Common_Step_definition:24 - Execution Started
2026-02-15 15:09:51 INFO  Common_Step_definition:27 - Instantiated the commonUtils
2026-02-15 15:09:51 INFO  Common_Step_definition:30 - loading the config properties file
2026-02-15 15:09:51 INFO  Common_Step_definition:33 - Checking the Driver is Null or Not?
2026-02-15 15:09:51 INFO  Common_Step_definition:35 - Driver is Null. Instatiating it!
2026-02-15 15:09:56 INFO  DriverManager:29 - Launchingchrome
2026-02-15 15:10:18 INFO  DriverManager:32 -  the user is logged in successfully and is on Home Page
2026-02-15 15:10:23 INFO  DriverManager:68 - the user clicks on the directory option from the menu bar
2026-02-15 15:10:24 INFO  DriverManager:107 - the user selects the job title as from the drop down
2026-02-15 15:10:25 INFO  DriverManager:119 - clicks the search button
2026-02-15 15:10:26 INFO  Common_Step_definition:24 - Execution Started
2026-02-15 15:10:26 INFO  Common_Step_definition:27 - Instantiated the commonUtils
2026-02-15 15:10:26 INFO  Common_Step_definition:30 - loading the config properties file
2026-02-15 15:10:26 INFO  Common_Step_definition:33 - Checking the Driver is Null or Not?
2026-02-15 15:10:31 ERROR Verify_Pending_Timesheets_Step_def:45 - java.lang.NullPointerException: Cannot invoke "org.openqa.selenium.WebElement.sendKeys(java.lang.CharSequence[])" because "this.ENTEREMPOLYEENAME" is null
2026-02-15 15:10:32 ERROR Verify_Pending_Timesheets_Step_def:56 - java.lang.NullPointerException: Cannot invoke "org.openqa.selenium.WebElement.getText()" because "this.NAME" is null
2026-02-15 15:16:12 INFO  Common_Step_definition:24 - Execution Started
2026-02-15 15:16:13 INFO  Common_Step_definition:27 - Instantiated the commonUtils
2026-02-15 15:16:13 INFO  Common_Step_definition:30 - loading the config properties file
2026-02-15 15:16:13 INFO  Common_Step_definition:33 - Checking the Driver is Null or Not?
2026-02-15 15:16:13 INFO  Common_Step_definition:35 - Driver is Null. Instatiating it!
2026-02-15 15:16:13 INFO  DriverManager:29 - Launchingchrome
2026-02-15 15:16:32 INFO  DriverManager:36 -  the user is logged in successfully and is on Home Page
2026-02-15 15:16:34 INFO  DriverManager:72 - the user clicks on the directory option from the menu bar
2026-02-15 15:16:35 INFO  DriverManager:111 - the user selects the job title as from the drop down
2026-02-15 15:16:36 INFO  DriverManager:123 - clicks the search button
2026-02-15 15:16:46 INFO  Common_Step_definition:24 - Execution Started
2026-02-15 15:16:46 INFO  Common_Step_definition:27 - Instantiated the commonUtils
2026-02-15 15:16:46 INFO  Common_Step_definition:30 - loading the config properties file
2026-02-15 15:16:46 INFO  Common_Step_definition:33 - Checking the Driver is Null or Not?
2026-02-15 15:16:48 ERROR Verify_Pending_Timesheets_Step_def:45 - java.lang.NullPointerException: Cannot invoke "org.openqa.selenium.WebElement.sendKeys(java.lang.CharSequence[])" because "this.ENTEREMPOLYEENAME" is null
2026-02-15 15:16:48 ERROR Verify_Pending_Timesheets_Step_def:56 - java.lang.NullPointerException: Cannot invoke "org.openqa.selenium.WebElement.getText()" because "this.NAME" is null
2026-02-15 15:34:26 INFO  Common_Step_definition:24 - Execution Started
2026-02-15 15:34:26 INFO  Common_Step_definition:27 - Instantiated the commonUtils
2026-02-15 15:34:26 INFO  Common_Step_definition:30 - loading the config properties file
2026-02-15 15:34:26 INFO  Common_Step_definition:33 - Checking the Driver is Null or Not?
2026-02-15 15:34:26 INFO  Common_Step_definition:35 - Driver is Null. Instatiating it!
2026-02-15 15:34:27 INFO  DriverManager:29 - Launchingchrome
2026-02-15 15:34:50 INFO  DriverManager:36 -  the user is logged in successfully and is on Home Page
2026-02-15 15:34:54 INFO  DriverManager:72 - the user clicks on the directory option from the menu bar
2026-02-15 15:34:56 INFO  DriverManager:111 - the user selects the job title as from the drop down
2026-02-15 15:34:57 INFO  DriverManager:123 - clicks the search button
2026-02-15 15:35:12 INFO  Common_Step_definition:24 - Execution Started
2026-02-15 15:35:12 INFO  Common_Step_definition:27 - Instantiated the commonUtils
2026-02-15 15:35:12 INFO  Common_Step_definition:30 - loading the config properties file
2026-02-15 15:35:12 INFO  Common_Step_definition:33 - Checking the Driver is Null or Not?
2026-02-15 15:35:16 ERROR Verify_Pending_Timesheets_Step_def:45 - java.lang.NullPointerException: Cannot invoke "org.openqa.selenium.WebElement.sendKeys(java.lang.CharSequence[])" because "this.ENTEREMPOLYEENAME" is null
2026-02-15 15:35:16 ERROR Verify_Pending_Timesheets_Step_def:56 - java.lang.NullPointerException: Cannot invoke "org.openqa.selenium.WebElement.getText()" because "this.NAME" is null
2026-02-20 19:36:53 INFO  Common_Step_definition:24 - Execution Started
2026-02-20 19:36:53 INFO  Common_Step_definition:27 - Instantiated the commonUtils
2026-02-20 19:36:53 INFO  Common_Step_definition:30 - loading the config properties file
2026-02-20 19:36:53 INFO  Common_Step_definition:33 - Checking the Driver is Null or Not?
2026-02-20 19:36:53 INFO  Common_Step_definition:35 - Driver is Null. Instatiating it!
2026-02-20 19:36:58 INFO  DriverManager:29 - Launchingchrome
2026-02-20 19:37:20 INFO  DriverManager:72 - the user clicks on the directory option from the menu bar
2026-02-20 19:37:21 INFO  DriverManager:111 - the user selects the job title as from the drop down
2026-02-20 19:37:22 INFO  DriverManager:123 - clicks the search button
2026-02-20 19:37:37 INFO  Common_Step_definition:24 - Execution Started
2026-02-20 19:37:37 INFO  Common_Step_definition:27 - Instantiated the commonUtils
2026-02-20 19:37:37 INFO  Common_Step_definition:30 - loading the config properties file
2026-02-20 19:37:37 INFO  Common_Step_definition:33 - Checking the Driver is Null or Not?
2026-02-20 19:37:38 ERROR Verify_Pending_Timesheets_Step_def:45 - java.lang.NullPointerException: Cannot invoke "org.openqa.selenium.WebElement.sendKeys(java.lang.CharSequence[])" because "this.ENTEREMPOLYEENAME" is null
2026-02-20 19:37:38 ERROR Verify_Pending_Timesheets_Step_def:56 - java.lang.NullPointerException: Cannot invoke "org.openqa.selenium.WebElement.getText()" because "this.NAME" is null
2026-02-20 20:35:14 INFO  Common_Step_definition:24 - Execution Started
2026-02-20 20:35:14 INFO  Common_Step_definition:27 - Instantiated the commonUtils
2026-02-20 20:35:14 INFO  Common_Step_definition:30 - loading the config properties file
2026-02-20 20:35:14 INFO  Common_Step_definition:33 - Checking the Driver is Null or Not?
2026-02-20 20:35:14 INFO  Common_Step_definition:35 - Driver is Null. Instatiating it!
2026-02-20 20:35:15 INFO  DriverManager:29 - Launchingchrome
2026-02-20 20:35:42 INFO  DriverManager:36 -  the user is logged in successfully and is on Home Page
2026-02-20 20:35:47 INFO  DriverManager:72 - the user clicks on the directory option from the menu bar
2026-02-20 20:35:49 INFO  DriverManager:111 - the user selects the job title as from the drop down
2026-02-20 20:35:49 INFO  DriverManager:123 - clicks the search button
2026-02-20 20:36:04 INFO  Common_Step_definition:24 - Execution Started
2026-02-20 20:36:04 INFO  Common_Step_definition:27 - Instantiated the commonUtils
2026-02-20 20:36:04 INFO  Common_Step_definition:30 - loading the config properties file
2026-02-20 20:36:04 INFO  Common_Step_definition:33 - Checking the Driver is Null or Not?
2026-02-20 20:36:08 ERROR Verify_Pending_Timesheets_Step_def:45 - java.lang.NullPointerException: Cannot invoke "org.openqa.selenium.WebElement.sendKeys(java.lang.CharSequence[])" because "this.ENTEREMPOLYEENAME" is null
2026-02-20 20:36:08 ERROR Verify_Pending_Timesheets_Step_def:56 - java.lang.NullPointerException: Cannot invoke "org.openqa.selenium.WebElement.getText()" because "this.NAME" is null
2026-02-20 21:10:38 INFO  Common_Step_definition:24 - Execution Started
2026-02-20 21:10:38 INFO  Common_Step_definition:27 - Instantiated the commonUtils
2026-02-20 21:10:38 INFO  Common_Step_definition:30 - loading the config properties file
2026-02-20 21:10:38 INFO  Common_Step_definition:33 - Checking the Driver is Null or Not?
2026-02-20 21:10:38 INFO  Common_Step_definition:35 - Driver is Null. Instatiating it!
2026-02-20 21:10:40 INFO  DriverManager:29 - Launchingchrome
2026-02-20 21:10:56 INFO  DriverManager:36 -  the user is logged in successfully and is on Home Page
2026-02-20 21:10:58 INFO  DriverManager:72 - the user clicks on the directory option from the menu bar
2026-02-20 21:10:59 INFO  DriverManager:111 - the user selects the job title as from the drop down
2026-02-20 21:10:59 INFO  DriverManager:123 - clicks the search button
2026-02-20 21:11:15 INFO  Common_Step_definition:24 - Execution Started
2026-02-20 21:11:15 INFO  Common_Step_definition:27 - Instantiated the commonUtils
2026-02-20 21:11:15 INFO  Common_Step_definition:30 - loading the config properties file
2026-02-20 21:11:15 INFO  Common_Step_definition:33 - Checking the Driver is Null or Not?
2026-02-20 21:11:16 ERROR Verify_Pending_Timesheets_Step_def:45 - java.lang.NullPointerException: Cannot invoke "org.openqa.selenium.WebElement.sendKeys(java.lang.CharSequence[])" because "this.ENTEREMPOLYEENAME" is null
2026-02-20 21:11:16 ERROR Verify_Pending_Timesheets_Step_def:56 - java.lang.NullPointerException: Cannot invoke "org.openqa.selenium.WebElement.getText()" because "this.NAME" is null
2026-02-20 21:37:00 INFO  Common_Step_definition:24 - Execution Started
2026-02-20 21:37:00 INFO  Common_Step_definition:27 - Instantiated the commonUtils
2026-02-20 21:37:00 INFO  Common_Step_definition:30 - loading the config properties file
2026-02-20 21:37:00 INFO  Common_Step_definition:33 - Checking the Driver is Null or Not?
2026-02-20 21:37:00 INFO  Common_Step_definition:35 - Driver is Null. Instatiating it!
2026-02-20 21:37:01 INFO  DriverManager:29 - Launchingchrome
2026-02-20 21:37:16 INFO  DriverManager:36 -  the user is logged in successfully and is on Home Page
2026-02-20 21:37:19 INFO  DriverManager:72 - the user clicks on the directory option from the menu bar
2026-02-20 21:37:21 INFO  DriverManager:111 - the user selects the job title as from the drop down
2026-02-20 21:37:21 INFO  DriverManager:123 - clicks the search button
2026-02-20 21:49:02 INFO  Common_Step_definition:24 - Execution Started
2026-02-20 21:49:02 INFO  Common_Step_definition:27 - Instantiated the commonUtils
2026-02-20 21:49:02 INFO  Common_Step_definition:30 - loading the config properties file
2026-02-20 21:49:02 INFO  Common_Step_definition:33 - Checking the Driver is Null or Not?
2026-02-20 21:49:02 INFO  Common_Step_definition:35 - Driver is Null. Instatiating it!
2026-02-20 21:49:02 INFO  DriverManager:29 - Launchingchrome
2026-02-20 21:49:20 INFO  DriverManager:36 -  the user is logged in successfully and is on Home Page
2026-02-20 21:49:26 INFO  DriverManager:72 - the user clicks on the directory option from the menu bar
2026-02-20 21:49:29 INFO  DriverManager:111 - the user selects the job title as from the drop down
2026-02-20 21:49:29 INFO  DriverManager:123 - clicks the search button
2026-02-20 21:49:45 INFO  Common_Step_definition:24 - Execution Started
2026-02-20 21:49:45 INFO  Common_Step_definition:27 - Instantiated the commonUtils
2026-02-20 21:49:45 INFO  Common_Step_definition:30 - loading the config properties file
2026-02-20 21:49:45 INFO  Common_Step_definition:33 - Checking the Driver is Null or Not?
2026-02-20 21:49:48 ERROR Verify_Pending_Timesheets_Step_def:45 - java.lang.NullPointerException: Cannot invoke "org.openqa.selenium.WebElement.sendKeys(java.lang.CharSequence[])" because "this.ENTEREMPOLYEENAME" is null
2026-02-20 21:49:48 ERROR Verify_Pending_Timesheets_Step_def:56 - java.lang.NullPointerException: Cannot invoke "org.openqa.selenium.WebElement.getText()" because "this.NAME" is null
2026-02-20 21:53:03 INFO  Common_Step_definition:24 - Execution Started
2026-02-20 21:53:03 INFO  Common_Step_definition:27 - Instantiated the commonUtils
2026-02-20 21:53:03 INFO  Common_Step_definition:30 - loading the config properties file
2026-02-20 21:53:03 INFO  Common_Step_definition:33 - Checking the Driver is Null or Not?
2026-02-20 21:53:03 INFO  Common_Step_definition:35 - Driver is Null. Instatiating it!
2026-02-20 21:53:04 INFO  DriverManager:29 - Launchingchrome
2026-02-20 21:53:20 INFO  DriverManager:72 - the user clicks on the directory option from the menu bar
2026-02-20 21:53:21 INFO  DriverManager:111 - the user selects the job title as from the drop down
2026-02-20 21:53:21 INFO  DriverManager:123 - clicks the search button
2026-02-20 22:13:57 INFO  Common_Step_definition:25 - Execution Started
2026-02-20 22:13:57 INFO  Common_Step_definition:28 - Instantiated the commonUtils
2026-02-20 22:13:57 INFO  Common_Step_definition:31 - loading the config properties file
2026-02-20 22:13:57 INFO  Common_Step_definition:34 - Checking the Driver is Null or Not?
2026-02-20 22:13:57 INFO  Common_Step_definition:36 - Driver is Null. Instatiating it!
2026-02-20 22:13:59 INFO  DriverManager:29 - Launchingchrome
2026-02-20 22:14:20 INFO  DriverManager:32 -  the user is logged in successfully and is on Home Page
2026-02-20 22:14:22 INFO  DriverManager:68 - the user clicks on the directory option from the menu bar
2026-02-20 22:14:24 INFO  DriverManager:107 - the user selects the job title as from the drop down
2026-02-20 22:14:24 INFO  DriverManager:119 - clicks the search button
2026-02-20 22:14:40 INFO  Common_Step_definition:25 - Execution Started
2026-02-20 22:14:40 INFO  Common_Step_definition:28 - Instantiated the commonUtils
2026-02-20 22:14:40 INFO  Common_Step_definition:31 - loading the config properties file
2026-02-20 22:14:40 INFO  Common_Step_definition:34 - Checking the Driver is Null or Not?
2026-02-20 22:14:41 ERROR Verify_Pending_Timesheets_Step_def:45 - java.lang.NullPointerException: Cannot invoke "org.openqa.selenium.WebElement.sendKeys(java.lang.CharSequence[])" because "this.ENTEREMPOLYEENAME" is null
2026-02-20 22:14:42 ERROR Verify_Pending_Timesheets_Step_def:56 - java.lang.NullPointerException: Cannot invoke "org.openqa.selenium.WebElement.getText()" because "this.NAME" is null
2026-02-20 22:16:08 INFO  Common_Step_definition:25 - Execution Started
2026-02-20 22:16:08 INFO  Common_Step_definition:28 - Instantiated the commonUtils
2026-02-20 22:16:08 INFO  Common_Step_definition:31 - loading the config properties file
2026-02-20 22:16:08 INFO  Common_Step_definition:34 - Checking the Driver is Null or Not?
2026-02-20 22:16:08 INFO  Common_Step_definition:36 - Driver is Null. Instatiating it!
2026-02-20 22:16:09 INFO  DriverManager:29 - Launchingchrome
2026-02-20 22:16:22 INFO  DriverManager:32 -  the user is logged in successfully and is on Home Page
2026-02-20 22:16:25 INFO  DriverManager:68 - the user clicks on the directory option from the menu bar
2026-02-20 22:16:26 INFO  DriverManager:107 - the user selects the job title as from the drop down
2026-02-20 22:16:26 INFO  DriverManager:119 - clicks the search button
2026-02-21 11:48:34 INFO  Common_Step_definition:25 - Execution Started
2026-02-21 11:48:34 INFO  Common_Step_definition:28 - Instantiated the commonUtils
2026-02-21 11:48:34 INFO  Common_Step_definition:31 - loading the config properties file
2026-02-21 11:48:34 INFO  Common_Step_definition:34 - Checking the Driver is Null or Not?
2026-02-21 11:48:34 INFO  Common_Step_definition:36 - Driver is Null. Instatiating it!
2026-02-21 11:48:36 INFO  DriverManager:29 - Launchingchrome
2026-02-21 11:49:06 INFO  DriverManager:31 -  the user is logged in successfully and is on Home Page
2026-02-21 11:49:13 INFO  DriverManager:67 - the user clicks on the directory option from the menu bar
2026-02-21 11:49:15 INFO  DriverManager:106 - the user selects the job title as from the drop down
2026-02-21 11:49:15 INFO  DriverManager:118 - clicks the search button
2026-02-21 11:49:15 INFO  Common_Step_definition:25 - Execution Started
2026-02-21 11:49:15 INFO  Common_Step_definition:28 - Instantiated the commonUtils
2026-02-21 11:49:15 INFO  Common_Step_definition:31 - loading the config properties file
2026-02-21 11:49:15 INFO  Common_Step_definition:34 - Checking the Driver is Null or Not?
2026-02-21 11:49:18 ERROR Verify_Pending_Timesheets_Step_def:45 - java.lang.NullPointerException: Cannot invoke "org.openqa.selenium.WebElement.sendKeys(java.lang.CharSequence[])" because "this.ENTEREMPOLYEENAME" is null
2026-02-21 11:49:18 ERROR Verify_Pending_Timesheets_Step_def:56 - java.lang.NullPointerException: Cannot invoke "org.openqa.selenium.WebElement.getText()" because "this.NAME" is null
2026-02-21 12:34:22 INFO  Common_Step_definition:25 - Execution Started
2026-02-21 12:34:22 INFO  Common_Step_definition:28 - Instantiated the commonUtils
2026-02-21 12:34:22 INFO  Common_Step_definition:31 - loading the config properties file
2026-02-21 12:34:22 INFO  Common_Step_definition:34 - Checking the Driver is Null or Not?
2026-02-21 12:34:22 INFO  Common_Step_definition:36 - Driver is Null. Instatiating it!
2026-02-21 12:34:23 INFO  DriverManager:29 - Launchingchrome
2026-02-21 12:34:36 INFO  DriverManager:31 -  the user is logged in successfully and is on Home Page
2026-02-21 12:34:38 INFO  DriverManager:67 - the user clicks on the directory option from the menu bar
2026-02-21 12:34:40 INFO  DriverManager:106 - the user selects the job title as from the drop down
2026-02-21 12:34:40 INFO  DriverManager:118 - clicks the search button
2026-02-21 12:34:40 INFO  Common_Step_definition:25 - Execution Started
2026-02-21 12:34:40 INFO  Common_Step_definition:28 - Instantiated the commonUtils
2026-02-21 12:34:40 INFO  Common_Step_definition:31 - loading the config properties file
2026-02-21 12:34:40 INFO  Common_Step_definition:34 - Checking the Driver is Null or Not?
2026-02-21 12:34:42 ERROR Verify_Pending_Timesheets_Step_def:45 - java.lang.NullPointerException: Cannot invoke "org.openqa.selenium.WebElement.sendKeys(java.lang.CharSequence[])" because "this.ENTEREMPOLYEENAME" is null
2026-02-21 12:34:43 ERROR Verify_Pending_Timesheets_Step_def:56 - java.lang.NullPointerException: Cannot invoke "org.openqa.selenium.WebElement.getText()" because "this.NAME" is null
2026-02-21 12:47:39 INFO  Common_Step_definition:25 - Execution Started
2026-02-21 12:47:39 INFO  Common_Step_definition:28 - Instantiated the commonUtils
2026-02-21 12:47:39 INFO  Common_Step_definition:31 - loading the config properties file
2026-02-21 12:47:39 INFO  Common_Step_definition:34 - Checking the Driver is Null or Not?
2026-02-21 12:47:39 INFO  Common_Step_definition:36 - Driver is Null. Instatiating it!
2026-02-21 12:47:39 INFO  DriverManager:29 - Launchingchrome
2026-02-21 12:47:51 INFO  DriverManager:31 -  the user is logged in successfully and is on Home Page
2026-02-21 12:47:54 INFO  DriverManager:67 - the user clicks on the directory option from the menu bar
2026-02-21 12:47:55 INFO  DriverManager:106 - the user selects the job title as from the drop down
2026-02-21 12:47:55 INFO  DriverManager:118 - clicks the search button
2026-02-21 12:47:55 INFO  Common_Step_definition:25 - Execution Started
2026-02-21 12:47:55 INFO  Common_Step_definition:28 - Instantiated the commonUtils
2026-02-21 12:47:55 INFO  Common_Step_definition:31 - loading the config properties file
2026-02-21 12:47:55 INFO  Common_Step_definition:34 - Checking the Driver is Null or Not?
2026-02-21 12:47:58 ERROR Verify_Pending_Timesheets_Step_def:45 - java.lang.NullPointerException: Cannot invoke "org.openqa.selenium.WebElement.sendKeys(java.lang.CharSequence[])" because "this.ENTEREMPOLYEENAME" is null
2026-02-21 12:47:58 ERROR Verify_Pending_Timesheets_Step_def:56 - java.lang.NullPointerException: Cannot invoke "org.openqa.selenium.WebElement.getText()" because "this.NAME" is null
2026-02-21 12:54:03 INFO  Common_Step_definition:25 - Execution Started
2026-02-21 12:54:03 INFO  Common_Step_definition:28 - Instantiated the commonUtils
2026-02-21 12:54:03 INFO  Common_Step_definition:31 - loading the config properties file
2026-02-21 12:54:03 INFO  Common_Step_definition:34 - Checking the Driver is Null or Not?
2026-02-21 12:54:03 INFO  Common_Step_definition:36 - Driver is Null. Instatiating it!
2026-02-21 12:54:05 INFO  DriverManager:29 - Launchingchrome
2026-02-21 12:54:18 INFO  DriverManager:31 -  the user is logged in successfully and is on Home Page
2026-02-21 12:54:20 INFO  DriverManager:67 - the user clicks on the directory option from the menu bar
2026-02-21 12:54:21 INFO  DriverManager:106 - the user selects the job title as from the drop down
2026-02-21 12:54:21 INFO  DriverManager:118 - clicks the search button
2026-02-21 12:54:21 INFO  Common_Step_definition:25 - Execution Started
2026-02-21 12:54:21 INFO  Common_Step_definition:28 - Instantiated the commonUtils
2026-02-21 12:54:21 INFO  Common_Step_definition:31 - loading the config properties file
2026-02-21 12:54:21 INFO  Common_Step_definition:34 - Checking the Driver is Null or Not?
2026-02-21 12:54:23 ERROR Verify_Pending_Timesheets_Step_def:45 - java.lang.NullPointerException: Cannot invoke "org.openqa.selenium.WebElement.sendKeys(java.lang.CharSequence[])" because "this.ENTEREMPOLYEENAME" is null
2026-02-21 12:54:24 ERROR Verify_Pending_Timesheets_Step_def:56 - java.lang.NullPointerException: Cannot invoke "org.openqa.selenium.WebElement.getText()" because "this.NAME" is null
2026-02-21 15:33:09 INFO  Common_Step_definition:25 - Execution Started
2026-02-21 15:33:09 INFO  Common_Step_definition:28 - Instantiated the commonUtils
2026-02-21 15:33:09 INFO  Common_Step_definition:31 - loading the config properties file
2026-02-21 15:33:09 INFO  Common_Step_definition:34 - Checking the Driver is Null or Not?
2026-02-21 15:33:09 INFO  Common_Step_definition:36 - Driver is Null. Instatiating it!
2026-02-21 15:33:11 INFO  DriverManager:29 - Launchingchrome
2026-02-21 15:33:24 INFO  DriverManager:31 -  the user is logged in successfully and is on Home Page
2026-02-21 15:33:26 INFO  DriverManager:67 - the user clicks on the directory option from the menu bar
2026-02-21 15:33:27 INFO  DriverManager:106 - the user selects the job title as from the drop down
2026-02-21 15:33:28 INFO  DriverManager:118 - clicks the search button
2026-02-21 15:33:28 INFO  Common_Step_definition:25 - Execution Started
2026-02-21 15:33:28 INFO  Common_Step_definition:28 - Instantiated the commonUtils
2026-02-21 15:33:28 INFO  Common_Step_definition:31 - loading the config properties file
2026-02-21 15:33:28 INFO  Common_Step_definition:34 - Checking the Driver is Null or Not?
2026-02-21 15:33:30 ERROR Verify_Pending_Timesheets_Step_def:45 - java.lang.NullPointerException: Cannot invoke "org.openqa.selenium.WebElement.sendKeys(java.lang.CharSequence[])" because "this.ENTEREMPOLYEENAME" is null
2026-02-21 15:33:30 ERROR Verify_Pending_Timesheets_Step_def:56 - java.lang.NullPointerException: Cannot invoke "org.openqa.selenium.WebElement.getText()" because "this.NAME" is null
2026-02-21 16:06:44 INFO  Common_Step_definition:25 - Execution Started
2026-02-21 16:06:44 INFO  Common_Step_definition:28 - Instantiated the commonUtils
2026-02-21 16:06:44 INFO  Common_Step_definition:31 - loading the config properties file
2026-02-21 16:06:44 INFO  Common_Step_definition:34 - Checking the Driver is Null or Not?
2026-02-21 16:06:44 INFO  Common_Step_definition:36 - Driver is Null. Instatiating it!
2026-02-21 16:06:45 INFO  DriverManager:29 - Launchingchrome
2026-02-21 16:06:58 INFO  DriverManager:31 -  the user is logged in successfully and is on Home Page
2026-02-21 16:07:01 INFO  DriverManager:67 - the user clicks on the directory option from the menu bar
2026-02-21 16:07:02 INFO  DriverManager:106 - the user selects the job title as from the drop down
2026-02-21 16:07:02 INFO  DriverManager:118 - clicks the search button
2026-02-21 16:07:02 INFO  Common_Step_definition:25 - Execution Started
2026-02-21 16:07:02 INFO  Common_Step_definition:28 - Instantiated the commonUtils
2026-02-21 16:07:02 INFO  Common_Step_definition:31 - loading the config properties file
2026-02-21 16:07:02 INFO  Common_Step_definition:34 - Checking the Driver is Null or Not?
2026-02-21 16:07:04 ERROR Verify_Pending_Timesheets_Step_def:45 - java.lang.NullPointerException: Cannot invoke "org.openqa.selenium.WebElement.sendKeys(java.lang.CharSequence[])" because "this.ENTEREMPOLYEENAME" is null
2026-02-21 16:07:05 ERROR Verify_Pending_Timesheets_Step_def:56 - java.lang.NullPointerException: Cannot invoke "org.openqa.selenium.WebElement.getText()" because "this.NAME" is null
2026-02-21 16:23:53 INFO  Common_Step_definition:25 - Execution Started
2026-02-21 16:23:53 INFO  Common_Step_definition:28 - Instantiated the commonUtils
2026-02-21 16:23:53 INFO  Common_Step_definition:31 - loading the config properties file
2026-02-21 16:23:53 INFO  Common_Step_definition:34 - Checking the Driver is Null or Not?
2026-02-21 16:23:53 INFO  Common_Step_definition:36 - Driver is Null. Instatiating it!
2026-02-21 16:23:54 INFO  DriverManager:29 - Launchingchrome
2026-02-21 16:24:07 INFO  DriverManager:31 -  the user is logged in successfully and is on Home Page
2026-02-21 16:24:09 INFO  DriverManager:67 - the user clicks on the directory option from the menu bar
2026-02-21 16:24:10 INFO  DriverManager:106 - the user selects the job title as from the drop down
2026-02-21 16:24:11 INFO  DriverManager:118 - clicks the search button
2026-02-21 16:24:11 INFO  Common_Step_definition:25 - Execution Started
2026-02-21 16:24:11 INFO  Common_Step_definition:28 - Instantiated the commonUtils
2026-02-21 16:24:11 INFO  Common_Step_definition:31 - loading the config properties file
2026-02-21 16:24:11 INFO  Common_Step_definition:34 - Checking the Driver is Null or Not?
2026-02-21 16:24:13 ERROR Verify_Pending_Timesheets_Step_def:45 - java.lang.NullPointerException: Cannot invoke "org.openqa.selenium.WebElement.sendKeys(java.lang.CharSequence[])" because "this.ENTEREMPOLYEENAME" is null
2026-02-21 16:24:13 ERROR Verify_Pending_Timesheets_Step_def:56 - java.lang.NullPointerException: Cannot invoke "org.openqa.selenium.WebElement.getText()" because "this.NAME" is null
2026-02-21 16:45:56 INFO  Common_Step_definition:29 - Execution Started
2026-02-21 16:45:56 INFO  Common_Step_definition:32 - Instantiated the commonUtils
2026-02-21 16:45:56 INFO  Common_Step_definition:35 - loading the config properties file
2026-02-21 16:45:56 INFO  Common_Step_definition:38 - Checking the Driver is Null or Not?
2026-02-21 16:45:56 INFO  Common_Step_definition:40 - Driver is Null. Instatiating it!
2026-02-21 16:45:59 INFO  DriverManager:29 - Launchingchrome
2026-02-21 16:46:15 INFO  DriverManager:31 -  the user is logged in successfully and is on Home Page
2026-02-21 16:46:17 INFO  DriverManager:67 - the user clicks on the directory option from the menu bar
2026-02-21 16:46:18 INFO  DriverManager:106 - the user selects the job title as from the drop down
2026-02-21 16:46:18 INFO  DriverManager:118 - clicks the search button
2026-02-21 16:46:19 INFO  Common_Step_definition:29 - Execution Started
2026-02-21 16:46:19 INFO  Common_Step_definition:32 - Instantiated the commonUtils
2026-02-21 16:46:19 INFO  Common_Step_definition:35 - loading the config properties file
2026-02-21 16:46:19 INFO  Common_Step_definition:38 - Checking the Driver is Null or Not?
2026-02-21 16:46:21 ERROR Verify_Pending_Timesheets_Step_def:45 - java.lang.NullPointerException: Cannot invoke "org.openqa.selenium.WebElement.sendKeys(java.lang.CharSequence[])" because "this.ENTEREMPOLYEENAME" is null
2026-02-21 16:46:21 ERROR Verify_Pending_Timesheets_Step_def:56 - java.lang.NullPointerException: Cannot invoke "org.openqa.selenium.WebElement.getText()" because "this.NAME" is null
2026-02-21 17:15:28 INFO  Common_Step_definition:29 - Execution Started
2026-02-21 17:15:28 INFO  Common_Step_definition:32 - Instantiated the commonUtils
2026-02-21 17:15:28 INFO  Common_Step_definition:35 - loading the config properties file
2026-02-21 17:15:28 INFO  Common_Step_definition:38 - Checking the Driver is Null or Not?
2026-02-21 17:15:28 INFO  Common_Step_definition:40 - Driver is Null. Instatiating it!
2026-02-21 17:15:29 INFO  DriverManager:29 - Launchingchrome
2026-02-21 17:15:41 INFO  DriverManager:31 -  the user is logged in successfully and is on Home Page
2026-02-21 17:15:43 INFO  DriverManager:67 - the user clicks on the directory option from the menu bar
2026-02-21 17:15:45 INFO  DriverManager:106 - the user selects the job title as from the drop down
2026-02-21 17:15:45 INFO  DriverManager:118 - clicks the search button
2026-02-21 17:15:45 INFO  Common_Step_definition:29 - Execution Started
2026-02-21 17:15:45 INFO  Common_Step_definition:32 - Instantiated the commonUtils
2026-02-21 17:15:45 INFO  Common_Step_definition:35 - loading the config properties file
2026-02-21 17:15:45 INFO  Common_Step_definition:38 - Checking the Driver is Null or Not?
2026-02-21 17:15:48 ERROR Verify_Pending_Timesheets_Step_def:45 - java.lang.NullPointerException: Cannot invoke "org.openqa.selenium.WebElement.sendKeys(java.lang.CharSequence[])" because "this.ENTEREMPOLYEENAME" is null
2026-02-21 17:15:48 ERROR Verify_Pending_Timesheets_Step_def:56 - java.lang.NullPointerException: Cannot invoke "org.openqa.selenium.WebElement.getText()" because "this.NAME" is null
2026-02-22 12:49:53 INFO  Common_Step_definition:29 - Execution Started
2026-02-22 12:49:53 INFO  Common_Step_definition:32 - Instantiated the commonUtils
2026-02-22 12:49:53 INFO  Common_Step_definition:35 - loading the config properties file
2026-02-22 12:49:53 INFO  Common_Step_definition:38 - Checking the Driver is Null or Not?
2026-02-22 12:49:53 INFO  Common_Step_definition:40 - Driver is Null. Instatiating it!
2026-02-22 12:49:56 INFO  DriverManager:29 - Launchingchrome
2026-02-22 12:50:18 INFO  DriverManager:31 -  the user is logged in successfully and is on Home Page
2026-02-22 12:50:20 INFO  DriverManager:67 - the user clicks on the directory option from the menu bar
2026-02-22 12:50:21 INFO  DriverManager:106 - the user selects the job title as from the drop down
2026-02-22 12:50:21 INFO  DriverManager:118 - clicks the search button
2026-02-22 12:50:21 INFO  Common_Step_definition:29 - Execution Started
2026-02-22 12:50:21 INFO  Common_Step_definition:32 - Instantiated the commonUtils
2026-02-22 12:50:21 INFO  Common_Step_definition:35 - loading the config properties file
2026-02-22 12:50:21 INFO  Common_Step_definition:38 - Checking the Driver is Null or Not?
2026-02-22 12:50:24 ERROR Verify_Pending_Timesheets_Step_def:45 - java.lang.NullPointerException: Cannot invoke "org.openqa.selenium.WebElement.sendKeys(java.lang.CharSequence[])" because "this.ENTEREMPOLYEENAME" is null
2026-02-22 12:50:24 ERROR Verify_Pending_Timesheets_Step_def:56 - java.lang.NullPointerException: Cannot invoke "org.openqa.selenium.WebElement.getText()" because "this.NAME" is null
2026-02-22 14:05:37 INFO  Common_Step_definition:29 - Execution Started
2026-02-22 14:05:37 INFO  Common_Step_definition:32 - Instantiated the commonUtils
2026-02-22 14:05:37 INFO  Common_Step_definition:35 - loading the config properties file
2026-02-22 14:05:37 INFO  Common_Step_definition:38 - Checking the Driver is Null or Not?
2026-02-22 14:05:37 INFO  Common_Step_definition:40 - Driver is Null. Instatiating it!
2026-02-22 14:05:38 INFO  DriverManager:29 - Launchingchrome
2026-02-22 15:37:27 INFO  Common_Step_definition:29 - Execution Started
2026-02-22 15:37:27 INFO  Common_Step_definition:32 - Instantiated the commonUtils
2026-02-22 15:37:27 INFO  Common_Step_definition:35 - loading the config properties file
2026-02-22 15:37:27 INFO  Common_Step_definition:38 - Checking the Driver is Null or Not?
2026-02-22 15:37:27 INFO  Common_Step_definition:40 - Driver is Null. Instatiating it!
2026-02-22 15:37:29 INFO  DriverManager:29 - Launchingchrome
2026-02-22 15:37:43 INFO  Common_Step_definition:29 - Execution Started
2026-02-22 15:37:43 INFO  Common_Step_definition:32 - Instantiated the commonUtils
2026-02-22 15:37:43 INFO  Common_Step_definition:35 - loading the config properties file
2026-02-22 15:37:43 INFO  Common_Step_definition:38 - Checking the Driver is Null or Not?
2026-02-22 15:37:43 INFO  DriverManager:31 -  the user is logged in successfully and is on Home Page
2026-02-22 15:37:45 INFO  DriverManager:67 - the user clicks on the directory option from the menu bar
2026-02-22 15:37:46 INFO  DriverManager:106 - the user selects the job title as from the drop down
2026-02-22 15:37:46 INFO  DriverManager:118 - clicks the search button
2026-02-22 15:37:46 INFO  Common_Step_definition:29 - Execution Started
2026-02-22 15:37:46 INFO  Common_Step_definition:32 - Instantiated the commonUtils
2026-02-22 15:37:46 INFO  Common_Step_definition:35 - loading the config properties file
2026-02-22 15:37:46 INFO  Common_Step_definition:38 - Checking the Driver is Null or Not?
2026-02-22 15:37:48 ERROR Verify_Pending_Timesheets_Step_def:45 - java.lang.NullPointerException: Cannot invoke "org.openqa.selenium.WebElement.sendKeys(java.lang.CharSequence[])" because "this.ENTEREMPOLYEENAME" is null
2026-02-22 15:37:48 ERROR Verify_Pending_Timesheets_Step_def:56 - java.lang.NullPointerException: Cannot invoke "org.openqa.selenium.WebElement.getText()" because "this.NAME" is null
2026-02-22 15:47:55 INFO  Common_Step_definition:29 - Execution Started
2026-02-22 15:47:55 INFO  Common_Step_definition:32 - Instantiated the commonUtils
2026-02-22 15:47:55 INFO  Common_Step_definition:35 - loading the config properties file
2026-02-22 15:47:55 INFO  Common_Step_definition:38 - Checking the Driver is Null or Not?
2026-02-22 15:47:55 INFO  Common_Step_definition:40 - Driver is Null. Instatiating it!
2026-02-22 15:47:56 INFO  DriverManager:29 - Launchingchrome
2026-02-22 15:49:38 INFO  Common_Step_definition:29 - Execution Started
2026-02-22 15:49:38 INFO  Common_Step_definition:32 - Instantiated the commonUtils
2026-02-22 15:49:38 INFO  Common_Step_definition:35 - loading the config properties file
2026-02-22 15:49:38 INFO  Common_Step_definition:38 - Checking the Driver is Null or Not?
2026-02-22 15:49:51 INFO  DriverManager:67 - the user clicks on the directory option from the menu bar
2026-02-22 15:49:57 INFO  DriverManager:106 - the user selects the job title as from the drop down
2026-02-22 15:49:57 INFO  DriverManager:118 - clicks the search button
2026-02-22 15:49:57 INFO  Common_Step_definition:29 - Execution Started
2026-02-22 15:49:57 INFO  Common_Step_definition:32 - Instantiated the commonUtils
2026-02-22 15:49:57 INFO  Common_Step_definition:35 - loading the config properties file
2026-02-22 15:49:57 INFO  Common_Step_definition:38 - Checking the Driver is Null or Not?
2026-02-22 15:52:57 ERROR Verify_Pending_Timesheets_Step_def:33 - org.openqa.selenium.TimeoutException: java.util.concurrent.TimeoutException
Build info: version: '4.9.1', revision: 'eb2032df7f'
System info: os.name: 'Windows 10', os.arch: 'amd64', os.version: '10.0', java.version: '21.0.3'
Driver info: org.openqa.selenium.chrome.ChromeDriver
Command: [ad539042e510415213e4556e81942461, clickElement {id=f.937AC93AA0F4E148BB69680B0D172FB2.d.174F5D1692D6DE4E54D7C04985A39CF2.e.87}]
Capabilities {acceptInsecureCerts: false, browserName: chrome, browserVersion: 145.0.7632.76, chrome: {chromedriverVersion: 145.0.7632.77 (da516187054a..., userDataDir: C:\Users\LAKSHM~1\AppData\L...}, fedcm:accounts: true, goog:chromeOptions: {debuggerAddress: localhost:53772}, goog:processID: 4204, networkConnectionEnabled: false, pageLoadStrategy: normal, platformName: windows, proxy: Proxy(), se:cdp: ws://localhost:53772/devtoo..., se:cdpVersion: 145.0.7632.76, setWindowRect: true, strictFileInteractability: false, timeouts: {implicit: 0, pageLoad: 300000, script: 30000}, unhandledPromptBehavior: dismiss and notify, webauthn:extension:credBlob: true, webauthn:extension:largeBlob: true, webauthn:extension:minPinLength: true, webauthn:extension:prf: true, webauthn:virtualAuthenticators: true}
Element: [[ChromeDriver: chrome on windows (ad539042e510415213e4556e81942461)] -> xpath: //span[text()='Time']]
Session ID: ad539042e510415213e4556e81942461
2026-02-22 15:52:57 ERROR Verify_Pending_Timesheets_Step_def:45 - java.lang.NullPointerException: Cannot invoke "org.openqa.selenium.WebElement.sendKeys(java.lang.CharSequence[])" because "this.ENTEREMPOLYEENAME" is null
2026-02-22 15:52:57 ERROR Verify_Pending_Timesheets_Step_def:56 - java.lang.NullPointerException: Cannot invoke "org.openqa.selenium.WebElement.getText()" because "this.NAME" is null
2026-02-22 15:56:10 INFO  Common_Step_definition:29 - Execution Started
2026-02-22 15:56:10 INFO  Common_Step_definition:32 - Instantiated the commonUtils
2026-02-22 15:56:10 INFO  Common_Step_definition:35 - loading the config properties file
2026-02-22 15:56:10 INFO  Common_Step_definition:38 - Checking the Driver is Null or Not?
2026-02-22 15:56:10 INFO  Common_Step_definition:40 - Driver is Null. Instatiating it!
2026-02-22 15:56:10 INFO  DriverManager:29 - Launchingchrome
2026-02-22 15:56:32 INFO  Common_Step_definition:29 - Execution Started
2026-02-22 15:56:32 INFO  Common_Step_definition:32 - Instantiated the commonUtils
2026-02-22 15:56:32 INFO  Common_Step_definition:35 - loading the config properties file
2026-02-22 15:56:32 INFO  Common_Step_definition:38 - Checking the Driver is Null or Not?
2026-02-22 15:56:33 INFO  DriverManager:67 - the user clicks on the directory option from the menu bar
2026-02-22 15:56:44 ERROR DriverManager:108 - org.openqa.selenium.TimeoutException: Expected condition failed: waiting for visibility of Proxy element for: DefaultElementLocator 'By.xpath: //div[@role='listbox']//span[text()='Chief Executive Officer']' (tried for 10 second(s) with 500 milliseconds interval)
2026-02-22 15:56:44 INFO  DriverManager:118 - clicks the search button
2026-02-22 15:56:44 INFO  Common_Step_definition:29 - Execution Started
2026-02-22 15:56:44 INFO  Common_Step_definition:32 - Instantiated the commonUtils
2026-02-22 15:56:44 INFO  Common_Step_definition:35 - loading the config properties file
2026-02-22 15:56:44 INFO  Common_Step_definition:38 - Checking the Driver is Null or Not?
2026-02-22 15:56:46 ERROR Verify_Pending_Timesheets_Step_def:45 - java.lang.NullPointerException: Cannot invoke "org.openqa.selenium.WebElement.sendKeys(java.lang.CharSequence[])" because "this.ENTEREMPOLYEENAME" is null
2026-02-22 15:56:46 ERROR Verify_Pending_Timesheets_Step_def:56 - java.lang.NullPointerException: Cannot invoke "org.openqa.selenium.WebElement.getText()" because "this.NAME" is null
2026-02-22 19:06:16 INFO  Common_Step_definition:29 - Execution Started
2026-02-22 19:06:16 INFO  Common_Step_definition:32 - Instantiated the commonUtils
2026-02-22 19:06:16 INFO  Common_Step_definition:35 - loading the config properties file
2026-02-22 19:06:16 INFO  Common_Step_definition:38 - Checking the Driver is Null or Not?
2026-02-22 19:06:16 INFO  Common_Step_definition:40 - Driver is Null. Instatiating it!
2026-02-22 19:06:17 INFO  DriverManager:29 - Launchingchrome
2026-02-22 19:06:35 INFO  Common_Step_definition:29 - Execution Started
2026-02-22 19:06:35 INFO  Common_Step_definition:32 - Instantiated the commonUtils
2026-02-22 19:06:35 INFO  Common_Step_definition:35 - loading the config properties file
2026-02-22 19:06:35 INFO  Common_Step_definition:38 - Checking the Driver is Null or Not?
2026-02-22 19:06:40 INFO  Common_Step_definition:29 - Execution Started
2026-02-22 19:06:40 INFO  Common_Step_definition:32 - Instantiated the commonUtils
2026-02-22 19:06:40 INFO  Common_Step_definition:35 - loading the config properties file
2026-02-22 19:06:40 INFO  Common_Step_definition:38 - Checking the Driver is Null or Not?
2026-02-22 19:06:41 INFO  DriverManager:67 - the user clicks on the directory option from the menu bar
2026-02-22 19:06:42 INFO  DriverManager:106 - the user selects the job title as from the drop down
2026-02-22 19:06:42 INFO  DriverManager:118 - clicks the search button
2026-02-22 19:06:42 INFO  Common_Step_definition:29 - Execution Started
2026-02-22 19:06:42 INFO  Common_Step_definition:32 - Instantiated the commonUtils
2026-02-22 19:06:42 INFO  Common_Step_definition:35 - loading the config properties file
2026-02-22 19:06:42 INFO  Common_Step_definition:38 - Checking the Driver is Null or Not?
2026-02-22 19:06:44 ERROR Verify_Pending_Timesheets_Step_def:45 - java.lang.NullPointerException: Cannot invoke "org.openqa.selenium.WebElement.sendKeys(java.lang.CharSequence[])" because "this.ENTEREMPOLYEENAME" is null
2026-02-22 19:06:44 ERROR Verify_Pending_Timesheets_Step_def:56 - java.lang.NullPointerException: Cannot invoke "org.openqa.selenium.WebElement.getText()" because "this.NAME" is null
2026-02-22 19:13:30 INFO  Common_Step_definition:29 - Execution Started
2026-02-22 19:13:30 INFO  Common_Step_definition:32 - Instantiated the commonUtils
2026-02-22 19:13:30 INFO  Common_Step_definition:35 - loading the config properties file
2026-02-22 19:13:30 INFO  Common_Step_definition:38 - Checking the Driver is Null or Not?
2026-02-22 19:13:30 INFO  Common_Step_definition:40 - Driver is Null. Instatiating it!
2026-02-22 19:13:31 INFO  DriverManager:29 - Launchingchrome
2026-02-22 19:13:47 INFO  Common_Step_definition:29 - Execution Started
2026-02-22 19:13:47 INFO  Common_Step_definition:32 - Instantiated the commonUtils
2026-02-22 19:13:47 INFO  Common_Step_definition:35 - loading the config properties file
2026-02-22 19:13:47 INFO  Common_Step_definition:38 - Checking the Driver is Null or Not?
2026-02-22 19:13:52 INFO  Common_Step_definition:29 - Execution Started
2026-02-22 19:13:52 INFO  Common_Step_definition:32 - Instantiated the commonUtils
2026-02-22 19:13:52 INFO  Common_Step_definition:35 - loading the config properties file
2026-02-22 19:13:52 INFO  Common_Step_definition:38 - Checking the Driver is Null or Not?
2026-02-22 19:13:53 INFO  DriverManager:67 - the user clicks on the directory option from the menu bar
2026-02-22 19:13:55 INFO  DriverManager:106 - the user selects the job title as from the drop down
2026-02-22 19:13:55 INFO  DriverManager:118 - clicks the search button
2026-02-22 19:13:55 INFO  Common_Step_definition:29 - Execution Started
2026-02-22 19:13:55 INFO  Common_Step_definition:32 - Instantiated the commonUtils
2026-02-22 19:13:55 INFO  Common_Step_definition:35 - loading the config properties file
2026-02-22 19:13:55 INFO  Common_Step_definition:38 - Checking the Driver is Null or Not?
2026-02-22 19:13:57 ERROR Verify_Pending_Timesheets_Step_def:45 - java.lang.NullPointerException: Cannot invoke "org.openqa.selenium.WebElement.sendKeys(java.lang.CharSequence[])" because "this.ENTEREMPOLYEENAME" is null
2026-02-22 19:13:57 ERROR Verify_Pending_Timesheets_Step_def:56 - java.lang.NullPointerException: Cannot invoke "org.openqa.selenium.WebElement.getText()" because "this.NAME" is null
2026-07-14 14:35:20 INFO  Common_Step_definition:29 - Execution Started
2026-07-14 14:35:20 INFO  Common_Step_definition:32 - Instantiated the commonUtils
2026-07-14 14:35:20 INFO  Common_Step_definition:35 - loading the config properties file
2026-07-14 14:35:20 INFO  Common_Step_definition:38 - Checking the Driver is Null or Not?
2026-07-14 14:35:20 INFO  Common_Step_definition:40 - Driver is Null. Instatiating it!
2026-07-14 14:35:30 INFO  DriverManager:29 - Launchingchrome
2026-07-14 14:35:33 ERROR Verify_UserManagement_Step_def:19 - java.lang.IllegalArgumentException: Input must be set
2026-07-14 14:35:33 ERROR Verify_UserManagement_Step_def:29 - java.lang.IllegalArgumentException: Input must be set
2026-07-14 14:35:33 ERROR Verify_UserManagement_Step_def:39 - java.lang.IllegalArgumentException: Input must be set
2026-07-14 14:35:33 ERROR Verify_UserManagement_Step_def:48 - java.lang.IllegalArgumentException: Input must be set
2026-07-14 14:35:33 ERROR Verify_UserManagement_Step_def:57 - java.lang.IllegalArgumentException: Input must be set
2026-07-14 14:35:33 ERROR Verify_UserManagement_Step_def:67 - java.lang.IllegalArgumentException: Input must be set
2026-07-14 14:35:33 INFO  Verify_UserManagement_Step_def:73 - user on the admin page
2026-07-14 14:35:33 INFO  Common_Step_definition:29 - Execution Started
2026-07-14 14:35:33 INFO  Common_Step_definition:32 - Instantiated the commonUtils
2026-07-14 14:35:33 INFO  Common_Step_definition:35 - loading the config properties file
2026-07-14 14:35:33 INFO  Common_Step_definition:38 - Checking the Driver is Null or Not?
2026-07-14 14:35:33 INFO  Common_Step_definition:40 - Driver is Null. Instatiating it!
2026-07-14 14:35:34 INFO  DriverManager:29 - Launchingchrome
2026-07-14 14:35:34 ERROR Create_jobtitle_Step_def:21 - java.lang.IllegalArgumentException: Input must be set
2026-07-14 14:35:34 ERROR Create_jobtitle_Step_def:32 - java.lang.IllegalArgumentException: Input must be set
2026-07-14 14:35:34 ERROR Create_jobtitle_Step_def:42 - java.lang.IllegalArgumentException: Input must be set
2026-07-14 14:35:34 ERROR Create_jobtitle_Step_def:52 - java.lang.IllegalArgumentException: Input must be set
2026-07-14 14:35:34 ERROR Create_jobtitle_Step_def:62 - java.lang.IllegalArgumentException: Input must be set
2026-07-14 14:35:34 ERROR Create_jobtitle_Step_def:74 - java.lang.IllegalArgumentException: Input must be set
2026-07-14 14:35:34 ERROR Create_jobtitle_Step_def:84 - java.lang.IllegalArgumentException: Input must be set
2026-07-14 14:35:34 ERROR Create_jobtitle_Step_def:94 - java.lang.IllegalArgumentException: Input must be set
2026-07-14 14:35:34 INFO  Common_Step_definition:29 - Execution Started
2026-07-14 14:35:34 INFO  Common_Step_definition:32 - Instantiated the commonUtils
2026-07-14 14:35:34 INFO  Common_Step_definition:35 - loading the config properties file
2026-07-14 14:35:34 INFO  Common_Step_definition:38 - Checking the Driver is Null or Not?
2026-07-14 14:35:34 INFO  Common_Step_definition:40 - Driver is Null. Instatiating it!
2026-07-14 14:35:35 INFO  DriverManager:29 - Launchingchrome
2026-07-14 14:35:35 ERROR VerifyCEOName_Step_Def:34 - java.lang.NullPointerException: Cannot invoke "org.openqa.selenium.WebDriver.getCurrentUrl()" because the return value of "orangeHRM_Webdriver_Manager.DriverManager.getDriver()" is null
2026-07-14 14:35:35 ERROR VerifyCEOName_Step_Def:69 - java.lang.IllegalArgumentException: Input must be set
2026-07-14 14:35:35 ERROR VerifyCEOName_Step_Def:108 - java.lang.IllegalArgumentException: Input must be set
2026-07-14 14:35:35 ERROR VerifyCEOName_Step_Def:120 - java.lang.IllegalArgumentException: Input must be set
2026-07-14 14:35:35 INFO  Common_Step_definition:29 - Execution Started
2026-07-14 14:35:35 INFO  Common_Step_definition:32 - Instantiated the commonUtils
2026-07-14 14:35:35 INFO  Common_Step_definition:35 - loading the config properties file
2026-07-14 14:35:35 INFO  Common_Step_definition:38 - Checking the Driver is Null or Not?
2026-07-14 14:35:35 INFO  Common_Step_definition:40 - Driver is Null. Instatiating it!
2026-07-14 14:35:37 INFO  DriverManager:29 - Launchingchrome
2026-07-14 14:35:37 ERROR Verify_Pending_Timesheets_Step_def:22 - java.lang.NullPointerException: Cannot invoke "org.openqa.selenium.WebDriver.getCurrentUrl()" because the return value of "orangeHRM_Webdriver_Manager.DriverManager.getDriver()" is null
2026-07-14 14:35:37 ERROR Verify_Pending_Timesheets_Step_def:33 - java.lang.IllegalArgumentException: Input must be set
2026-07-14 14:35:37 ERROR Verify_Pending_Timesheets_Step_def:45 - java.lang.NullPointerException: Cannot invoke "org.openqa.selenium.WebElement.sendKeys(java.lang.CharSequence[])" because "this.ENTEREMPOLYEENAME" is null
2026-07-14 14:35:37 ERROR Verify_Pending_Timesheets_Step_def:56 - java.lang.NullPointerException: Cannot invoke "org.openqa.selenium.WebElement.getText()" because "this.NAME" is null
2026-07-14 14:40:47 INFO  Common_Step_definition:29 - Execution Started
2026-07-14 14:40:47 INFO  Common_Step_definition:32 - Instantiated the commonUtils
2026-07-14 14:40:47 INFO  Common_Step_definition:35 - loading the config properties file
2026-07-14 14:40:47 INFO  Common_Step_definition:38 - Checking the Driver is Null or Not?
2026-07-14 14:40:47 INFO  Common_Step_definition:40 - Driver is Null. Instatiating it!
2026-07-14 14:40:50 INFO  DriverManager:30 - Launchingchrome
2026-07-14 14:40:50 INFO  DriverManager:37 - Using Chrome binary: C:\Program Files\Google\Chrome\Application\chrome.exe
2026-07-14 14:40:51 ERROR Verify_UserManagement_Step_def:19 - java.lang.IllegalArgumentException: Input must be set
2026-07-14 14:40:51 ERROR Verify_UserManagement_Step_def:29 - java.lang.IllegalArgumentException: Input must be set
2026-07-14 14:40:51 ERROR Verify_UserManagement_Step_def:39 - java.lang.IllegalArgumentException: Input must be set
2026-07-14 14:40:51 ERROR Verify_UserManagement_Step_def:48 - java.lang.IllegalArgumentException: Input must be set
2026-07-14 14:40:51 ERROR Verify_UserManagement_Step_def:57 - java.lang.IllegalArgumentException: Input must be set
2026-07-14 14:40:51 ERROR Verify_UserManagement_Step_def:67 - java.lang.IllegalArgumentException: Input must be set
2026-07-14 14:40:51 INFO  Verify_UserManagement_Step_def:73 - user on the admin page
2026-07-14 14:40:51 INFO  Common_Step_definition:29 - Execution Started
2026-07-14 14:40:51 INFO  Common_Step_definition:32 - Instantiated the commonUtils
2026-07-14 14:40:51 INFO  Common_Step_definition:35 - loading the config properties file
2026-07-14 14:40:51 INFO  Common_Step_definition:38 - Checking the Driver is Null or Not?
2026-07-14 14:40:51 INFO  Common_Step_definition:40 - Driver is Null. Instatiating it!
2026-07-14 14:40:53 INFO  DriverManager:30 - Launchingchrome
2026-07-14 14:40:53 INFO  DriverManager:37 - Using Chrome binary: C:\Program Files\Google\Chrome\Application\chrome.exe
2026-07-14 14:40:53 ERROR Create_jobtitle_Step_def:21 - java.lang.IllegalArgumentException: Input must be set
2026-07-14 14:40:53 ERROR Create_jobtitle_Step_def:32 - java.lang.IllegalArgumentException: Input must be set
2026-07-14 14:40:53 ERROR Create_jobtitle_Step_def:42 - java.lang.IllegalArgumentException: Input must be set
2026-07-14 14:40:53 ERROR Create_jobtitle_Step_def:52 - java.lang.IllegalArgumentException: Input must be set
2026-07-14 14:40:53 ERROR Create_jobtitle_Step_def:62 - java.lang.IllegalArgumentException: Input must be set
2026-07-14 14:40:53 ERROR Create_jobtitle_Step_def:74 - java.lang.IllegalArgumentException: Input must be set
2026-07-14 14:40:53 ERROR Create_jobtitle_Step_def:84 - java.lang.IllegalArgumentException: Input must be set
2026-07-14 14:40:53 ERROR Create_jobtitle_Step_def:94 - java.lang.IllegalArgumentException: Input must be set
2026-07-14 14:40:53 INFO  Common_Step_definition:29 - Execution Started
2026-07-14 14:40:53 INFO  Common_Step_definition:32 - Instantiated the commonUtils
2026-07-14 14:40:53 INFO  Common_Step_definition:35 - loading the config properties file
2026-07-14 14:40:53 INFO  Common_Step_definition:38 - Checking the Driver is Null or Not?
2026-07-14 14:40:53 INFO  Common_Step_definition:40 - Driver is Null. Instatiating it!
2026-07-14 14:40:55 INFO  DriverManager:30 - Launchingchrome
2026-07-14 14:40:55 INFO  DriverManager:37 - Using Chrome binary: C:\Program Files\Google\Chrome\Application\chrome.exe
2026-07-14 14:40:55 ERROR VerifyCEOName_Step_Def:34 - java.lang.NullPointerException: Cannot invoke "org.openqa.selenium.WebDriver.getCurrentUrl()" because the return value of "orangeHRM_Webdriver_Manager.DriverManager.getDriver()" is null
2026-07-14 14:40:55 ERROR VerifyCEOName_Step_Def:69 - java.lang.IllegalArgumentException: Input must be set
2026-07-14 14:40:55 ERROR VerifyCEOName_Step_Def:108 - java.lang.IllegalArgumentException: Input must be set
2026-07-14 14:40:55 ERROR VerifyCEOName_Step_Def:120 - java.lang.IllegalArgumentException: Input must be set
2026-07-14 14:40:55 INFO  Common_Step_definition:29 - Execution Started
2026-07-14 14:40:55 INFO  Common_Step_definition:32 - Instantiated the commonUtils
2026-07-14 14:40:55 INFO  Common_Step_definition:35 - loading the config properties file
2026-07-14 14:40:55 INFO  Common_Step_definition:38 - Checking the Driver is Null or Not?
2026-07-14 14:40:55 INFO  Common_Step_definition:40 - Driver is Null. Instatiating it!
2026-07-14 14:40:56 INFO  DriverManager:30 - Launchingchrome
2026-07-14 14:40:56 INFO  DriverManager:37 - Using Chrome binary: C:\Program Files\Google\Chrome\Application\chrome.exe
2026-07-14 14:40:56 ERROR Verify_Pending_Timesheets_Step_def:22 - java.lang.NullPointerException: Cannot invoke "org.openqa.selenium.WebDriver.getCurrentUrl()" because the return value of "orangeHRM_Webdriver_Manager.DriverManager.getDriver()" is null
2026-07-14 14:40:56 ERROR Verify_Pending_Timesheets_Step_def:33 - java.lang.IllegalArgumentException: Input must be set
2026-07-14 14:40:56 ERROR Verify_Pending_Timesheets_Step_def:45 - java.lang.NullPointerException: Cannot invoke "org.openqa.selenium.WebElement.sendKeys(java.lang.CharSequence[])" because "this.ENTEREMPOLYEENAME" is null
2026-07-14 14:40:56 ERROR Verify_Pending_Timesheets_Step_def:56 - java.lang.NullPointerException: Cannot invoke "org.openqa.selenium.WebElement.getText()" because "this.NAME" is null
2026-07-14 14:46:01 INFO  Common_Step_definition:29 - Execution Started
2026-07-14 14:46:01 INFO  Common_Step_definition:32 - Instantiated the commonUtils
2026-07-14 14:46:01 INFO  Common_Step_definition:35 - loading the config properties file
2026-07-14 14:46:01 INFO  Common_Step_definition:38 - Checking the Driver is Null or Not?
2026-07-14 14:46:01 INFO  Common_Step_definition:40 - Driver is Null. Instatiating it!
2026-07-14 14:46:04 INFO  DriverManager:30 - Launchingchrome
2026-07-14 14:46:04 INFO  DriverManager:39 - CHROME_BINARY_PATH provided in config: C:\Program Files\Google\Chrome\Application\chrome.exe
2026-07-14 14:46:04 ERROR DriverManager:62 - Chrome binary not found. Please install Google Chrome or set CHROME_BINARY_PATH in src/test/resources/config.properties.
Searched:
 - C:\Users\Lakshmanan\AppData\Local\Google\Chrome\Application\chrome.exe
 - C:\Program Files\Google\Chrome\Application\chrome.exe
 - C:\Program Files (x86)\Google\Chrome\Application\chrome.exe
Configured CHROME_BINARY_PATH: C:\Program Files\Google\Chrome\Application\chrome.exe
2026-07-14 14:46:04 ERROR Verify_UserManagement_Step_def:19 - java.lang.IllegalArgumentException: Input must be set
2026-07-14 14:46:04 ERROR Verify_UserManagement_Step_def:29 - java.lang.IllegalArgumentException: Input must be set
2026-07-14 14:46:04 ERROR Verify_UserManagement_Step_def:39 - java.lang.IllegalArgumentException: Input must be set
2026-07-14 14:46:04 ERROR Verify_UserManagement_Step_def:48 - java.lang.IllegalArgumentException: Input must be set
2026-07-14 14:46:04 ERROR Verify_UserManagement_Step_def:57 - java.lang.IllegalArgumentException: Input must be set
2026-07-14 14:46:04 ERROR Verify_UserManagement_Step_def:67 - java.lang.IllegalArgumentException: Input must be set
2026-07-14 14:46:04 INFO  Verify_UserManagement_Step_def:73 - user on the admin page
2026-07-14 14:46:04 INFO  Common_Step_definition:29 - Execution Started
2026-07-14 14:46:04 INFO  Common_Step_definition:32 - Instantiated the commonUtils
2026-07-14 14:46:04 INFO  Common_Step_definition:35 - loading the config properties file
2026-07-14 14:46:04 INFO  Common_Step_definition:38 - Checking the Driver is Null or Not?
2026-07-14 14:46:04 INFO  Common_Step_definition:40 - Driver is Null. Instatiating it!
2026-07-14 14:46:05 INFO  DriverManager:30 - Launchingchrome
2026-07-14 14:46:05 INFO  DriverManager:39 - CHROME_BINARY_PATH provided in config: C:\Program Files\Google\Chrome\Application\chrome.exe
2026-07-14 14:46:05 ERROR DriverManager:62 - Chrome binary not found. Please install Google Chrome or set CHROME_BINARY_PATH in src/test/resources/config.properties.
Searched:
 - C:\Users\Lakshmanan\AppData\Local\Google\Chrome\Application\chrome.exe
 - C:\Program Files\Google\Chrome\Application\chrome.exe
 - C:\Program Files (x86)\Google\Chrome\Application\chrome.exe
Configured CHROME_BINARY_PATH: C:\Program Files\Google\Chrome\Application\chrome.exe
2026-07-14 14:46:05 ERROR Create_jobtitle_Step_def:21 - java.lang.IllegalArgumentException: Input must be set
2026-07-14 14:46:05 ERROR Create_jobtitle_Step_def:32 - java.lang.IllegalArgumentException: Input must be set
2026-07-14 14:46:05 ERROR Create_jobtitle_Step_def:42 - java.lang.IllegalArgumentException: Input must be set
2026-07-14 14:46:05 ERROR Create_jobtitle_Step_def:52 - java.lang.IllegalArgumentException: Input must be set
2026-07-14 14:46:05 ERROR Create_jobtitle_Step_def:62 - java.lang.IllegalArgumentException: Input must be set
2026-07-14 14:46:05 ERROR Create_jobtitle_Step_def:74 - java.lang.IllegalArgumentException: Input must be set
2026-07-14 14:46:05 ERROR Create_jobtitle_Step_def:84 - java.lang.IllegalArgumentException: Input must be set
2026-07-14 14:46:05 ERROR Create_jobtitle_Step_def:94 - java.lang.IllegalArgumentException: Input must be set
2026-07-14 14:46:05 INFO  Common_Step_definition:29 - Execution Started
2026-07-14 14:46:05 INFO  Common_Step_definition:32 - Instantiated the commonUtils
2026-07-14 14:46:05 INFO  Common_Step_definition:35 - loading the config properties file
2026-07-14 14:46:05 INFO  Common_Step_definition:38 - Checking the Driver is Null or Not?
2026-07-14 14:46:05 INFO  Common_Step_definition:40 - Driver is Null. Instatiating it!
2026-07-14 14:46:06 INFO  DriverManager:30 - Launchingchrome
2026-07-14 14:46:06 INFO  DriverManager:39 - CHROME_BINARY_PATH provided in config: C:\Program Files\Google\Chrome\Application\chrome.exe
2026-07-14 14:46:06 ERROR DriverManager:62 - Chrome binary not found. Please install Google Chrome or set CHROME_BINARY_PATH in src/test/resources/config.properties.
Searched:
 - C:\Users\Lakshmanan\AppData\Local\Google\Chrome\Application\chrome.exe
 - C:\Program Files\Google\Chrome\Application\chrome.exe
 - C:\Program Files (x86)\Google\Chrome\Application\chrome.exe
Configured CHROME_BINARY_PATH: C:\Program Files\Google\Chrome\Application\chrome.exe
2026-07-14 14:46:06 ERROR VerifyCEOName_Step_Def:34 - java.lang.NullPointerException: Cannot invoke "org.openqa.selenium.WebDriver.getCurrentUrl()" because the return value of "orangeHRM_Webdriver_Manager.DriverManager.getDriver()" is null
2026-07-14 14:46:06 ERROR VerifyCEOName_Step_Def:69 - java.lang.IllegalArgumentException: Input must be set
2026-07-14 14:46:06 ERROR VerifyCEOName_Step_Def:108 - java.lang.IllegalArgumentException: Input must be set
2026-07-14 14:46:06 ERROR VerifyCEOName_Step_Def:120 - java.lang.IllegalArgumentException: Input must be set
2026-07-14 14:46:06 INFO  Common_Step_definition:29 - Execution Started
2026-07-14 14:46:06 INFO  Common_Step_definition:32 - Instantiated the commonUtils
2026-07-14 14:46:06 INFO  Common_Step_definition:35 - loading the config properties file
2026-07-14 14:46:06 INFO  Common_Step_definition:38 - Checking the Driver is Null or Not?
2026-07-14 14:46:06 INFO  Common_Step_definition:40 - Driver is Null. Instatiating it!
2026-07-14 14:46:07 INFO  DriverManager:30 - Launchingchrome
2026-07-14 14:46:07 INFO  DriverManager:39 - CHROME_BINARY_PATH provided in config: C:\Program Files\Google\Chrome\Application\chrome.exe
2026-07-14 14:46:07 ERROR DriverManager:62 - Chrome binary not found. Please install Google Chrome or set CHROME_BINARY_PATH in src/test/resources/config.properties.
Searched:
 - C:\Users\Lakshmanan\AppData\Local\Google\Chrome\Application\chrome.exe
 - C:\Program Files\Google\Chrome\Application\chrome.exe
 - C:\Program Files (x86)\Google\Chrome\Application\chrome.exe
Configured CHROME_BINARY_PATH: C:\Program Files\Google\Chrome\Application\chrome.exe
2026-07-14 14:46:07 ERROR Verify_Pending_Timesheets_Step_def:22 - java.lang.NullPointerException: Cannot invoke "org.openqa.selenium.WebDriver.getCurrentUrl()" because the return value of "orangeHRM_Webdriver_Manager.DriverManager.getDriver()" is null
2026-07-14 14:46:07 ERROR Verify_Pending_Timesheets_Step_def:33 - java.lang.IllegalArgumentException: Input must be set
2026-07-14 14:46:07 ERROR Verify_Pending_Timesheets_Step_def:45 - java.lang.NullPointerException: Cannot invoke "org.openqa.selenium.WebElement.sendKeys(java.lang.CharSequence[])" because "this.ENTEREMPOLYEENAME" is null
2026-07-14 14:46:07 ERROR Verify_Pending_Timesheets_Step_def:56 - java.lang.NullPointerException: Cannot invoke "org.openqa.selenium.WebElement.getText()" because "this.NAME" is null
2026-07-14 19:16:27 INFO  Common_Step_definition:29 - Execution Started
2026-07-14 19:16:27 INFO  Common_Step_definition:32 - Instantiated the commonUtils
2026-07-14 19:16:27 INFO  Common_Step_definition:35 - loading the config properties file
2026-07-14 19:16:27 INFO  Common_Step_definition:38 - Checking the Driver is Null or Not?
2026-07-14 19:16:27 INFO  Common_Step_definition:40 - Driver is Null. Instatiating it!
2026-07-14 19:16:31 INFO  DriverManager:30 - Launchingchrome
2026-07-14 19:16:31 INFO  DriverManager:39 - CHROME_BINARY_PATH provided in config: C:\Program Files\Google\Chrome\Application\chrome.exe
2026-07-14 19:16:31 ERROR DriverManager:62 - Chrome binary not found. Please install Google Chrome or set CHROME_BINARY_PATH in src/test/resources/config.properties.
Searched:
 - C:\Users\Lakshmanan\AppData\Local\Google\Chrome\Application\chrome.exe
 - C:\Program Files\Google\Chrome\Application\chrome.exe
 - C:\Program Files (x86)\Google\Chrome\Application\chrome.exe
Configured CHROME_BINARY_PATH: C:\Program Files\Google\Chrome\Application\chrome.exe
2026-07-14 19:16:31 ERROR Verify_UserManagement_Step_def:19 - java.lang.IllegalArgumentException: Input must be set
2026-07-14 19:16:31 ERROR Verify_UserManagement_Step_def:29 - java.lang.IllegalArgumentException: Input must be set
2026-07-14 19:16:31 ERROR Verify_UserManagement_Step_def:39 - java.lang.IllegalArgumentException: Input must be set
2026-07-14 19:16:31 ERROR Verify_UserManagement_Step_def:48 - java.lang.IllegalArgumentException: Input must be set
2026-07-14 19:16:31 ERROR Verify_UserManagement_Step_def:57 - java.lang.IllegalArgumentException: Input must be set
2026-07-14 19:16:31 ERROR Verify_UserManagement_Step_def:67 - java.lang.IllegalArgumentException: Input must be set
2026-07-14 19:16:31 INFO  Verify_UserManagement_Step_def:73 - user on the admin page
2026-07-14 19:16:31 INFO  Common_Step_definition:29 - Execution Started
2026-07-14 19:16:31 INFO  Common_Step_definition:32 - Instantiated the commonUtils
2026-07-14 19:16:31 INFO  Common_Step_definition:35 - loading the config properties file
2026-07-14 19:16:31 INFO  Common_Step_definition:38 - Checking the Driver is Null or Not?
2026-07-14 19:16:31 INFO  Common_Step_definition:40 - Driver is Null. Instatiating it!
2026-07-14 19:16:33 INFO  DriverManager:30 - Launchingchrome
2026-07-14 19:16:33 INFO  DriverManager:39 - CHROME_BINARY_PATH provided in config: C:\Program Files\Google\Chrome\Application\chrome.exe
2026-07-14 19:16:33 ERROR DriverManager:62 - Chrome binary not found. Please install Google Chrome or set CHROME_BINARY_PATH in src/test/resources/config.properties.
Searched:
 - C:\Users\Lakshmanan\AppData\Local\Google\Chrome\Application\chrome.exe
 - C:\Program Files\Google\Chrome\Application\chrome.exe
 - C:\Program Files (x86)\Google\Chrome\Application\chrome.exe
Configured CHROME_BINARY_PATH: C:\Program Files\Google\Chrome\Application\chrome.exe
2026-07-14 19:16:33 ERROR Create_jobtitle_Step_def:21 - java.lang.IllegalArgumentException: Input must be set
2026-07-14 19:16:33 ERROR Create_jobtitle_Step_def:32 - java.lang.IllegalArgumentException: Input must be set
2026-07-14 19:16:33 ERROR Create_jobtitle_Step_def:42 - java.lang.IllegalArgumentException: Input must be set
2026-07-14 19:16:33 ERROR Create_jobtitle_Step_def:52 - java.lang.IllegalArgumentException: Input must be set
2026-07-14 19:16:33 ERROR Create_jobtitle_Step_def:62 - java.lang.IllegalArgumentException: Input must be set
2026-07-14 19:16:33 ERROR Create_jobtitle_Step_def:74 - java.lang.IllegalArgumentException: Input must be set
2026-07-14 19:16:33 ERROR Create_jobtitle_Step_def:84 - java.lang.IllegalArgumentException: Input must be set
2026-07-14 19:16:33 ERROR Create_jobtitle_Step_def:94 - java.lang.IllegalArgumentException: Input must be set
2026-07-14 19:16:33 INFO  Common_Step_definition:29 - Execution Started
2026-07-14 19:16:33 INFO  Common_Step_definition:32 - Instantiated the commonUtils
2026-07-14 19:16:33 INFO  Common_Step_definition:35 - loading the config properties file
2026-07-14 19:16:33 INFO  Common_Step_definition:38 - Checking the Driver is Null or Not?
2026-07-14 19:16:33 INFO  Common_Step_definition:40 - Driver is Null. Instatiating it!
2026-07-14 19:16:35 INFO  DriverManager:30 - Launchingchrome
2026-07-14 19:16:35 INFO  DriverManager:39 - CHROME_BINARY_PATH provided in config: C:\Program Files\Google\Chrome\Application\chrome.exe
2026-07-14 19:16:35 ERROR DriverManager:62 - Chrome binary not found. Please install Google Chrome or set CHROME_BINARY_PATH in src/test/resources/config.properties.
Searched:
 - C:\Users\Lakshmanan\AppData\Local\Google\Chrome\Application\chrome.exe
 - C:\Program Files\Google\Chrome\Application\chrome.exe
 - C:\Program Files (x86)\Google\Chrome\Application\chrome.exe
Configured CHROME_BINARY_PATH: C:\Program Files\Google\Chrome\Application\chrome.exe
2026-07-14 19:16:35 ERROR VerifyCEOName_Step_Def:34 - java.lang.NullPointerException: Cannot invoke "org.openqa.selenium.WebDriver.getCurrentUrl()" because the return value of "orangeHRM_Webdriver_Manager.DriverManager.getDriver()" is null
2026-07-14 19:16:35 ERROR VerifyCEOName_Step_Def:69 - java.lang.IllegalArgumentException: Input must be set
2026-07-14 19:16:35 ERROR VerifyCEOName_Step_Def:108 - java.lang.IllegalArgumentException: Input must be set
2026-07-14 19:16:35 ERROR VerifyCEOName_Step_Def:120 - java.lang.IllegalArgumentException: Input must be set
2026-07-14 19:16:35 INFO  Common_Step_definition:29 - Execution Started
2026-07-14 19:16:35 INFO  Common_Step_definition:32 - Instantiated the commonUtils
2026-07-14 19:16:35 INFO  Common_Step_definition:35 - loading the config properties file
2026-07-14 19:16:35 INFO  Common_Step_definition:38 - Checking the Driver is Null or Not?
2026-07-14 19:16:35 INFO  Common_Step_definition:40 - Driver is Null. Instatiating it!
2026-07-14 19:16:38 INFO  DriverManager:30 - Launchingchrome
2026-07-14 19:16:38 INFO  DriverManager:39 - CHROME_BINARY_PATH provided in config: C:\Program Files\Google\Chrome\Application\chrome.exe
2026-07-14 19:16:38 ERROR DriverManager:62 - Chrome binary not found. Please install Google Chrome or set CHROME_BINARY_PATH in src/test/resources/config.properties.
Searched:
 - C:\Users\Lakshmanan\AppData\Local\Google\Chrome\Application\chrome.exe
 - C:\Program Files\Google\Chrome\Application\chrome.exe
 - C:\Program Files (x86)\Google\Chrome\Application\chrome.exe
Configured CHROME_BINARY_PATH: C:\Program Files\Google\Chrome\Application\chrome.exe
2026-07-14 19:16:38 ERROR Verify_Pending_Timesheets_Step_def:22 - java.lang.NullPointerException: Cannot invoke "org.openqa.selenium.WebDriver.getCurrentUrl()" because the return value of "orangeHRM_Webdriver_Manager.DriverManager.getDriver()" is null
2026-07-14 19:16:38 ERROR Verify_Pending_Timesheets_Step_def:33 - java.lang.IllegalArgumentException: Input must be set
2026-07-14 19:16:38 ERROR Verify_Pending_Timesheets_Step_def:45 - java.lang.NullPointerException: Cannot invoke "org.openqa.selenium.WebElement.sendKeys(java.lang.CharSequence[])" because "this.ENTEREMPOLYEENAME" is null
2026-07-14 19:16:38 ERROR Verify_Pending_Timesheets_Step_def:56 - java.lang.NullPointerException: Cannot invoke "org.openqa.selenium.WebElement.getText()" because "this.NAME" is null
2026-07-14 19:24:03 INFO  Common_Step_definition:29 - Execution Started
2026-07-14 19:24:03 INFO  Common_Step_definition:32 - Instantiated the commonUtils
2026-07-14 19:24:03 INFO  Common_Step_definition:35 - loading the config properties file
2026-07-14 19:24:03 INFO  Common_Step_definition:38 - Checking the Driver is Null or Not?
2026-07-14 19:24:03 INFO  Common_Step_definition:40 - Driver is Null. Instatiating it!
2026-07-14 19:24:06 INFO  DriverManager:30 - Launchingchrome
2026-07-14 19:24:06 INFO  DriverManager:39 - CHROME_BINARY_PATH provided in config: C:\Program Files\Google\Chrome\Application\chrome.exe
2026-07-14 19:24:06 WARN  DriverManager:64 - Chrome binary not found at configured path. Continuing without setting binary so ChromeDriver can try the default installation. Configured CHROME_BINARY_PATH: C:\Program Files\Google\Chrome\Application\chrome.exe
2026-07-14 19:24:07 ERROR Verify_UserManagement_Step_def:19 - java.lang.IllegalArgumentException: Input must be set
2026-07-14 19:24:07 ERROR Verify_UserManagement_Step_def:29 - java.lang.IllegalArgumentException: Input must be set
2026-07-14 19:24:07 ERROR Verify_UserManagement_Step_def:39 - java.lang.IllegalArgumentException: Input must be set
2026-07-14 19:24:07 ERROR Verify_UserManagement_Step_def:48 - java.lang.IllegalArgumentException: Input must be set
2026-07-14 19:24:07 ERROR Verify_UserManagement_Step_def:57 - java.lang.IllegalArgumentException: Input must be set
2026-07-14 19:24:07 ERROR Verify_UserManagement_Step_def:67 - java.lang.IllegalArgumentException: Input must be set
2026-07-14 19:24:07 INFO  Verify_UserManagement_Step_def:73 - user on the admin page
2026-07-14 19:24:07 INFO  Common_Step_definition:29 - Execution Started
2026-07-14 19:24:07 INFO  Common_Step_definition:32 - Instantiated the commonUtils
2026-07-14 19:24:07 INFO  Common_Step_definition:35 - loading the config properties file
2026-07-14 19:24:07 INFO  Common_Step_definition:38 - Checking the Driver is Null or Not?
2026-07-14 19:24:07 INFO  Common_Step_definition:40 - Driver is Null. Instatiating it!
2026-07-14 19:24:09 INFO  DriverManager:30 - Launchingchrome
2026-07-14 19:24:09 INFO  DriverManager:39 - CHROME_BINARY_PATH provided in config: C:\Program Files\Google\Chrome\Application\chrome.exe
2026-07-14 19:24:09 WARN  DriverManager:64 - Chrome binary not found at configured path. Continuing without setting binary so ChromeDriver can try the default installation. Configured CHROME_BINARY_PATH: C:\Program Files\Google\Chrome\Application\chrome.exe
2026-07-14 19:24:09 ERROR Create_jobtitle_Step_def:21 - java.lang.IllegalArgumentException: Input must be set
2026-07-14 19:24:09 ERROR Create_jobtitle_Step_def:32 - java.lang.IllegalArgumentException: Input must be set
2026-07-14 19:24:09 ERROR Create_jobtitle_Step_def:42 - java.lang.IllegalArgumentException: Input must be set
2026-07-14 19:24:09 ERROR Create_jobtitle_Step_def:52 - java.lang.IllegalArgumentException: Input must be set
2026-07-14 19:24:09 ERROR Create_jobtitle_Step_def:62 - java.lang.IllegalArgumentException: Input must be set
2026-07-14 19:24:09 ERROR Create_jobtitle_Step_def:74 - java.lang.IllegalArgumentException: Input must be set
2026-07-14 19:24:09 ERROR Create_jobtitle_Step_def:84 - java.lang.IllegalArgumentException: Input must be set
2026-07-14 19:24:09 ERROR Create_jobtitle_Step_def:94 - java.lang.IllegalArgumentException: Input must be set
2026-07-14 19:24:09 INFO  Common_Step_definition:29 - Execution Started
2026-07-14 19:24:09 INFO  Common_Step_definition:32 - Instantiated the commonUtils
2026-07-14 19:24:09 INFO  Common_Step_definition:35 - loading the config properties file
2026-07-14 19:24:09 INFO  Common_Step_definition:38 - Checking the Driver is Null or Not?
2026-07-14 19:24:09 INFO  Common_Step_definition:40 - Driver is Null. Instatiating it!
2026-07-14 19:24:10 INFO  DriverManager:30 - Launchingchrome
2026-07-14 19:24:10 INFO  DriverManager:39 - CHROME_BINARY_PATH provided in config: C:\Program Files\Google\Chrome\Application\chrome.exe
2026-07-14 19:24:10 WARN  DriverManager:64 - Chrome binary not found at configured path. Continuing without setting binary so ChromeDriver can try the default installation. Configured CHROME_BINARY_PATH: C:\Program Files\Google\Chrome\Application\chrome.exe
2026-07-14 19:24:10 ERROR VerifyCEOName_Step_Def:34 - java.lang.NullPointerException: Cannot invoke "org.openqa.selenium.WebDriver.getCurrentUrl()" because the return value of "orangeHRM_Webdriver_Manager.DriverManager.getDriver()" is null
2026-07-14 19:24:10 ERROR VerifyCEOName_Step_Def:69 - java.lang.IllegalArgumentException: Input must be set
2026-07-14 19:24:10 ERROR VerifyCEOName_Step_Def:108 - java.lang.IllegalArgumentException: Input must be set
2026-07-14 19:24:10 ERROR VerifyCEOName_Step_Def:120 - java.lang.IllegalArgumentException: Input must be set
2026-07-14 19:24:10 INFO  Common_Step_definition:29 - Execution Started
2026-07-14 19:24:10 INFO  Common_Step_definition:32 - Instantiated the commonUtils
2026-07-14 19:24:10 INFO  Common_Step_definition:35 - loading the config properties file
2026-07-14 19:24:10 INFO  Common_Step_definition:38 - Checking the Driver is Null or Not?
2026-07-14 19:24:10 INFO  Common_Step_definition:40 - Driver is Null. Instatiating it!
2026-07-14 19:24:12 INFO  DriverManager:30 - Launchingchrome
2026-07-14 19:24:12 INFO  DriverManager:39 - CHROME_BINARY_PATH provided in config: C:\Program Files\Google\Chrome\Application\chrome.exe
2026-07-14 19:24:12 WARN  DriverManager:64 - Chrome binary not found at configured path. Continuing without setting binary so ChromeDriver can try the default installation. Configured CHROME_BINARY_PATH: C:\Program Files\Google\Chrome\Application\chrome.exe
2026-07-14 19:24:12 ERROR Verify_Pending_Timesheets_Step_def:22 - java.lang.NullPointerException: Cannot invoke "org.openqa.selenium.WebDriver.getCurrentUrl()" because the return value of "orangeHRM_Webdriver_Manager.DriverManager.getDriver()" is null
2026-07-14 19:24:12 ERROR Verify_Pending_Timesheets_Step_def:33 - java.lang.IllegalArgumentException: Input must be set
2026-07-14 19:24:12 ERROR Verify_Pending_Timesheets_Step_def:45 - java.lang.NullPointerException: Cannot invoke "org.openqa.selenium.WebElement.sendKeys(java.lang.CharSequence[])" because "this.ENTEREMPOLYEENAME" is null
2026-07-14 19:24:12 ERROR Verify_Pending_Timesheets_Step_def:56 - java.lang.NullPointerException: Cannot invoke "org.openqa.selenium.WebElement.getText()" because "this.NAME" is null
2026-07-14 19:47:29 INFO  Common_Step_definition:29 - Execution Started
2026-07-14 19:47:29 INFO  Common_Step_definition:32 - Instantiated the commonUtils
2026-07-14 19:47:29 INFO  Common_Step_definition:35 - loading the config properties file
2026-07-14 19:47:29 INFO  Common_Step_definition:38 - Checking the Driver is Null or Not?
2026-07-14 19:47:29 INFO  Common_Step_definition:40 - Driver is Null. Instatiating it!
2026-07-14 19:47:32 INFO  DriverManager:30 - Launchingchrome
2026-07-14 19:47:32 INFO  DriverManager:39 - CHROME_BINARY_PATH provided in config: C:\Program Files\Google\Chrome\Application\chrome.exe
2026-07-14 19:47:32 ERROR DriverManager:121 - Chrome binary could not be located. Please install Google Chrome or set CHROME_BINARY_PATH in src/test/resources/config.properties with the full path to chrome.exe.
Searched common locations and attempted 'where chrome' and registry lookups. Configured CHROME_BINARY_PATH: C:\Program Files\Google\Chrome\Application\chrome.exe
2026-07-14 19:47:32 ERROR Verify_UserManagement_Step_def:19 - java.lang.IllegalArgumentException: Input must be set
2026-07-14 19:47:32 ERROR Verify_UserManagement_Step_def:29 - java.lang.IllegalArgumentException: Input must be set
2026-07-14 19:47:32 ERROR Verify_UserManagement_Step_def:39 - java.lang.IllegalArgumentException: Input must be set
2026-07-14 19:47:32 ERROR Verify_UserManagement_Step_def:48 - java.lang.IllegalArgumentException: Input must be set
2026-07-14 19:47:32 ERROR Verify_UserManagement_Step_def:57 - java.lang.IllegalArgumentException: Input must be set
2026-07-14 19:47:32 ERROR Verify_UserManagement_Step_def:67 - java.lang.IllegalArgumentException: Input must be set
2026-07-14 19:47:32 INFO  Verify_UserManagement_Step_def:73 - user on the admin page
2026-07-14 19:47:32 INFO  Common_Step_definition:29 - Execution Started
2026-07-14 19:47:32 INFO  Common_Step_definition:32 - Instantiated the commonUtils
2026-07-14 19:47:32 INFO  Common_Step_definition:35 - loading the config properties file
2026-07-14 19:47:32 INFO  Common_Step_definition:38 - Checking the Driver is Null or Not?
2026-07-14 19:47:32 INFO  Common_Step_definition:40 - Driver is Null. Instatiating it!
2026-07-14 19:47:33 INFO  DriverManager:30 - Launchingchrome
2026-07-14 19:47:33 INFO  DriverManager:39 - CHROME_BINARY_PATH provided in config: C:\Program Files\Google\Chrome\Application\chrome.exe
2026-07-14 19:47:34 ERROR DriverManager:121 - Chrome binary could not be located. Please install Google Chrome or set CHROME_BINARY_PATH in src/test/resources/config.properties with the full path to chrome.exe.
Searched common locations and attempted 'where chrome' and registry lookups. Configured CHROME_BINARY_PATH: C:\Program Files\Google\Chrome\Application\chrome.exe
2026-07-14 19:47:34 ERROR Create_jobtitle_Step_def:21 - java.lang.IllegalArgumentException: Input must be set
2026-07-14 19:47:34 ERROR Create_jobtitle_Step_def:32 - java.lang.IllegalArgumentException: Input must be set
2026-07-14 19:47:34 ERROR Create_jobtitle_Step_def:42 - java.lang.IllegalArgumentException: Input must be set
2026-07-14 19:47:34 ERROR Create_jobtitle_Step_def:52 - java.lang.IllegalArgumentException: Input must be set
2026-07-14 19:47:34 ERROR Create_jobtitle_Step_def:62 - java.lang.IllegalArgumentException: Input must be set
2026-07-14 19:47:34 ERROR Create_jobtitle_Step_def:74 - java.lang.IllegalArgumentException: Input must be set
2026-07-14 19:47:34 ERROR Create_jobtitle_Step_def:84 - java.lang.IllegalArgumentException: Input must be set
2026-07-14 19:47:34 ERROR Create_jobtitle_Step_def:94 - java.lang.IllegalArgumentException: Input must be set
2026-07-14 19:47:34 INFO  Common_Step_definition:29 - Execution Started
2026-07-14 19:47:34 INFO  Common_Step_definition:32 - Instantiated the commonUtils
2026-07-14 19:47:34 INFO  Common_Step_definition:35 - loading the config properties file
2026-07-14 19:47:34 INFO  Common_Step_definition:38 - Checking the Driver is Null or Not?
2026-07-14 19:47:34 INFO  Common_Step_definition:40 - Driver is Null. Instatiating it!
2026-07-14 19:47:35 INFO  DriverManager:30 - Launchingchrome
2026-07-14 19:47:35 INFO  DriverManager:39 - CHROME_BINARY_PATH provided in config: C:\Program Files\Google\Chrome\Application\chrome.exe
2026-07-14 19:47:35 ERROR DriverManager:121 - Chrome binary could not be located. Please install Google Chrome or set CHROME_BINARY_PATH in src/test/resources/config.properties with the full path to chrome.exe.
Searched common locations and attempted 'where chrome' and registry lookups. Configured CHROME_BINARY_PATH: C:\Program Files\Google\Chrome\Application\chrome.exe
2026-07-14 19:47:35 ERROR VerifyCEOName_Step_Def:34 - java.lang.NullPointerException: Cannot invoke "org.openqa.selenium.WebDriver.getCurrentUrl()" because the return value of "orangeHRM_Webdriver_Manager.DriverManager.getDriver()" is null
2026-07-14 19:47:35 ERROR VerifyCEOName_Step_Def:69 - java.lang.IllegalArgumentException: Input must be set
2026-07-14 19:47:35 ERROR VerifyCEOName_Step_Def:108 - java.lang.IllegalArgumentException: Input must be set
2026-07-14 19:47:35 ERROR VerifyCEOName_Step_Def:120 - java.lang.IllegalArgumentException: Input must be set
2026-07-14 19:47:35 INFO  Common_Step_definition:29 - Execution Started
2026-07-14 19:47:35 INFO  Common_Step_definition:32 - Instantiated the commonUtils
2026-07-14 19:47:35 INFO  Common_Step_definition:35 - loading the config properties file
2026-07-14 19:47:35 INFO  Common_Step_definition:38 - Checking the Driver is Null or Not?
2026-07-14 19:47:35 INFO  Common_Step_definition:40 - Driver is Null. Instatiating it!
2026-07-14 19:47:37 INFO  DriverManager:30 - Launchingchrome
2026-07-14 19:47:37 INFO  DriverManager:39 - CHROME_BINARY_PATH provided in config: C:\Program Files\Google\Chrome\Application\chrome.exe
2026-07-14 19:47:37 ERROR DriverManager:121 - Chrome binary could not be located. Please install Google Chrome or set CHROME_BINARY_PATH in src/test/resources/config.properties with the full path to chrome.exe.
Searched common locations and attempted 'where chrome' and registry lookups. Configured CHROME_BINARY_PATH: C:\Program Files\Google\Chrome\Application\chrome.exe
2026-07-14 19:47:37 ERROR Verify_Pending_Timesheets_Step_def:22 - java.lang.NullPointerException: Cannot invoke "org.openqa.selenium.WebDriver.getCurrentUrl()" because the return value of "orangeHRM_Webdriver_Manager.DriverManager.getDriver()" is null
2026-07-14 19:47:37 ERROR Verify_Pending_Timesheets_Step_def:33 - java.lang.IllegalArgumentException: Input must be set
2026-07-14 19:47:37 ERROR Verify_Pending_Timesheets_Step_def:45 - java.lang.NullPointerException: Cannot invoke "org.openqa.selenium.WebElement.sendKeys(java.lang.CharSequence[])" because "this.ENTEREMPOLYEENAME" is null
2026-07-14 19:47:37 ERROR Verify_Pending_Timesheets_Step_def:56 - java.lang.NullPointerException: Cannot invoke "org.openqa.selenium.WebElement.getText()" because "this.NAME" is null
2026-07-14 19:54:36 INFO  Common_Step_definition:29 - Execution Started
2026-07-14 19:54:36 INFO  Common_Step_definition:32 - Instantiated the commonUtils
2026-07-14 19:54:36 INFO  Common_Step_definition:35 - loading the config properties file
2026-07-14 19:54:36 INFO  Common_Step_definition:38 - Checking the Driver is Null or Not?
2026-07-14 19:54:36 INFO  Common_Step_definition:40 - Driver is Null. Instatiating it!
2026-07-14 19:54:38 INFO  DriverManager:30 - Launchingchrome
2026-07-14 19:54:38 INFO  DriverManager:39 - CHROME_BINARY_PATH provided in config: C:\Program Files\Google\Chrome\Application\chrome.exe
2026-07-14 19:54:38 INFO  DriverManager:133 - Found Edge binary at: C:\Program Files (x86)\Microsoft\Edge\Application\msedge.exe
2026-07-14 19:54:38 WARN  DriverManager:158 - Chrome binary not found; falling back to Edge because Edge was detected at: C:\Program Files (x86)\Microsoft\Edge\Application\msedge.exe
2026-07-14 19:54:39 ERROR DriverManager:165 - Failed to launch Edge fallback after Chrome was not found: io.github.bonigarcia.wdm.config.WebDriverManagerException: java.net.UnknownHostException: msedgedriver.azureedge.net
io.github.bonigarcia.wdm.config.WebDriverManagerException: io.github.bonigarcia.wdm.config.WebDriverManagerException: java.net.UnknownHostException: msedgedriver.azureedge.net
	at io.github.bonigarcia.wdm.WebDriverManager.handleException(WebDriverManager.java:1409)
	at io.github.bonigarcia.wdm.WebDriverManager.manage(WebDriverManager.java:1183)
	at io.github.bonigarcia.wdm.WebDriverManager.fallback(WebDriverManager.java:1425)
	at io.github.bonigarcia.wdm.WebDriverManager.handleException(WebDriverManager.java:1406)
	at io.github.bonigarcia.wdm.WebDriverManager.manage(WebDriverManager.java:1183)
	at io.github.bonigarcia.wdm.WebDriverManager.handleException(WebDriverManager.java:1399)
	at io.github.bonigarcia.wdm.WebDriverManager.manage(WebDriverManager.java:1183)
	at io.github.bonigarcia.wdm.WebDriverManager.setup(WebDriverManager.java:425)
	at orangeHRM_Webdriver_Manager.DriverManager.launchbrowser(DriverManager.java:160)
	at stepdefinitions.Common_Step_definition.setup(Common_Step_definition.java:41)
	at java.base/jdk.internal.reflect.DirectMethodHandleAccessor.invoke(DirectMethodHandleAccessor.java:103)
	at java.base/java.lang.reflect.Method.invoke(Method.java:580)
	at io.cucumber.java.Invoker.doInvoke(Invoker.java:66)
	at io.cucumber.java.Invoker.invoke(Invoker.java:24)
	at io.cucumber.java.AbstractGlueDefinition.invokeMethod(AbstractGlueDefinition.java:47)
	at io.cucumber.java.JavaHookDefinition.execute(JavaHookDefinition.java:64)
	at io.cucumber.core.runner.CoreHookDefinition.execute(CoreHookDefinition.java:46)
	at io.cucumber.core.runner.HookDefinitionMatch.runStep(HookDefinitionMatch.java:21)
	at io.cucumber.core.runner.ExecutionMode$1.execute(ExecutionMode.java:10)
	at io.cucumber.core.runner.TestStep.executeStep(TestStep.java:84)
	at io.cucumber.core.runner.TestStep.run(TestStep.java:56)
	at io.cucumber.core.runner.TestCase.run(TestCase.java:78)
	at io.cucumber.core.runner.Runner.runPickle(Runner.java:75)
	at io.cucumber.testng.TestNGCucumberRunner.lambda$runScenario$1(TestNGCucumberRunner.java:132)
	at io.cucumber.core.runtime.CucumberExecutionContext.lambda$runTestCase$5(CucumberExecutionContext.java:137)
	at io.cucumber.core.runtime.RethrowingThrowableCollector.executeAndThrow(RethrowingThrowableCollector.java:23)
	at io.cucumber.core.runtime.CucumberExecutionContext.runTestCase(CucumberExecutionContext.java:137)
	at io.cucumber.testng.TestNGCucumberRunner.runScenario(TestNGCucumberRunner.java:129)
	at io.cucumber.testng.AbstractTestNGCucumberTests.runScenario(AbstractTestNGCucumberTests.java:35)
	at java.base/jdk.internal.reflect.DirectMethodHandleAccessor.invoke(DirectMethodHandleAccessor.java:103)
	at java.base/java.lang.reflect.Method.invoke(Method.java:580)
	at org.testng.internal.invokers.MethodInvocationHelper.invokeMethod(MethodInvocationHelper.java:139)
	at org.testng.internal.invokers.TestInvoker.invokeMethod(TestInvoker.java:664)
	at org.testng.internal.invokers.TestInvoker.invokeTestMethod(TestInvoker.java:227)
	at org.testng.internal.invokers.MethodRunner.runInSequence(MethodRunner.java:50)
	at org.testng.internal.invokers.TestInvoker$MethodInvocationAgent.invoke(TestInvoker.java:957)
	at org.testng.internal.invokers.TestInvoker.invokeTestMethods(TestInvoker.java:200)
	at org.testng.internal.invokers.TestMethodWorker.invokeTestMethods(TestMethodWorker.java:148)
	at org.testng.internal.invokers.TestMethodWorker.run(TestMethodWorker.java:128)
	at java.base/java.util.ArrayList.forEach(ArrayList.java:1596)
	at org.testng.TestRunner.privateRun(TestRunner.java:848)
	at org.testng.TestRunner.run(TestRunner.java:621)
	at org.testng.SuiteRunner.runTest(SuiteRunner.java:443)
	at org.testng.SuiteRunner.runSequentially(SuiteRunner.java:437)
	at org.testng.SuiteRunner.privateRun(SuiteRunner.java:397)
	at org.testng.SuiteRunner.run(SuiteRunner.java:336)
	at org.testng.SuiteRunnerWorker.runSuite(SuiteRunnerWorker.java:52)
	at org.testng.SuiteRunnerWorker.run(SuiteRunnerWorker.java:95)
	at org.testng.TestNG.runSuitesSequentially(TestNG.java:1280)
	at org.testng.TestNG.runSuitesLocally(TestNG.java:1200)
	at org.testng.TestNG.runSuites(TestNG.java:1114)
	at org.testng.TestNG.run(TestNG.java:1082)
	at com.intellij.rt.testng.IDEARemoteTestNG.run(IDEARemoteTestNG.java:65)
	at com.intellij.rt.testng.RemoteTestNGStarter.main(RemoteTestNGStarter.java:109)
Caused by: io.github.bonigarcia.wdm.config.WebDriverManagerException: java.net.UnknownHostException: msedgedriver.azureedge.net
	at io.github.bonigarcia.wdm.WebDriverManager.getDriversFromXml(WebDriverManager.java:1562)
	at io.github.bonigarcia.wdm.managers.EdgeDriverManager.getDriverUrls(EdgeDriverManager.java:115)
	at io.github.bonigarcia.wdm.WebDriverManager.createUrlHandler(WebDriverManager.java:1430)
	at io.github.bonigarcia.wdm.WebDriverManager.download(WebDriverManager.java:1258)
	at io.github.bonigarcia.wdm.WebDriverManager.manage(WebDriverManager.java:1177)
	... 52 more
Caused by: java.net.UnknownHostException: msedgedriver.azureedge.net
	at java.base/java.net.InetAddress$CachedLookup.get(InetAddress.java:988)
	at java.base/java.net.InetAddress.getAllByName0(InetAddress.java:1818)
	at java.base/java.net.InetAddress.getAllByName(InetAddress.java:1688)
	at org.apache.hc.client5.http.SystemDefaultDnsResolver.resolve(SystemDefaultDnsResolver.java:43)
	at org.apache.hc.client5.http.impl.io.DefaultHttpClientConnectionOperator.connect(DefaultHttpClientConnectionOperator.java:141)
	at org.apache.hc.client5.http.impl.io.PoolingHttpClientConnectionManager.connect(PoolingHttpClientConnectionManager.java:447)
	at org.apache.hc.client5.http.impl.classic.InternalExecRuntime.connectEndpoint(InternalExecRuntime.java:162)
	at org.apache.hc.client5.http.impl.classic.InternalExecRuntime.connectEndpoint(InternalExecRuntime.java:172)
	at org.apache.hc.client5.http.impl.classic.ConnectExec.execute(ConnectExec.java:142)
	at org.apache.hc.client5.http.impl.classic.ExecChainElement.execute(ExecChainElement.java:51)
	at org.apache.hc.client5.http.impl.classic.ProtocolExec.execute(ProtocolExec.java:192)
	at org.apache.hc.client5.http.impl.classic.ExecChainElement.execute(ExecChainElement.java:51)
	at org.apache.hc.client5.http.impl.classic.HttpRequestRetryExec.execute(HttpRequestRetryExec.java:96)
	at org.apache.hc.client5.http.impl.classic.ExecChainElement.execute(ExecChainElement.java:51)
	at org.apache.hc.client5.http.impl.classic.ContentCompressionExec.execute(ContentCompressionExec.java:152)
	at org.apache.hc.client5.http.impl.classic.ExecChainElement.execute(ExecChainElement.java:51)
	at org.apache.hc.client5.http.impl.classic.RedirectExec.execute(RedirectExec.java:115)
	at org.apache.hc.client5.http.impl.classic.ExecChainElement.execute(ExecChainElement.java:51)
	at org.apache.hc.client5.http.impl.classic.InternalHttpClient.doExecute(InternalHttpClient.java:170)
	at org.apache.hc.client5.http.impl.classic.CloseableHttpClient.execute(CloseableHttpClient.java:87)
	at org.apache.hc.client5.http.impl.classic.CloseableHttpClient.execute(CloseableHttpClient.java:55)
	at org.apache.hc.client5.http.classic.HttpClient.executeOpen(HttpClient.java:183)
	at io.github.bonigarcia.wdm.online.HttpClient.execute(HttpClient.java:162)
	at io.github.bonigarcia.wdm.WebDriverManager.getDriversFromXml(WebDriverManager.java:1547)
	... 56 more
2026-07-14 19:54:39 ERROR Verify_UserManagement_Step_def:19 - java.lang.IllegalArgumentException: Input must be set
2026-07-14 19:54:39 ERROR Verify_UserManagement_Step_def:29 - java.lang.IllegalArgumentException: Input must be set
2026-07-14 19:54:39 ERROR Verify_UserManagement_Step_def:39 - java.lang.IllegalArgumentException: Input must be set
2026-07-14 19:54:39 ERROR Verify_UserManagement_Step_def:48 - java.lang.IllegalArgumentException: Input must be set
2026-07-14 19:54:39 ERROR Verify_UserManagement_Step_def:57 - java.lang.IllegalArgumentException: Input must be set
2026-07-14 19:54:39 ERROR Verify_UserManagement_Step_def:67 - java.lang.IllegalArgumentException: Input must be set
2026-07-14 19:54:39 INFO  Verify_UserManagement_Step_def:73 - user on the admin page
2026-07-14 19:54:40 INFO  Common_Step_definition:29 - Execution Started
2026-07-14 19:54:40 INFO  Common_Step_definition:32 - Instantiated the commonUtils
2026-07-14 19:54:40 INFO  Common_Step_definition:35 - loading the config properties file
2026-07-14 19:54:40 INFO  Common_Step_definition:38 - Checking the Driver is Null or Not?
2026-07-14 19:54:40 INFO  Common_Step_definition:40 - Driver is Null. Instatiating it!
2026-07-14 19:54:41 INFO  DriverManager:30 - Launchingchrome
2026-07-14 19:54:41 INFO  DriverManager:39 - CHROME_BINARY_PATH provided in config: C:\Program Files\Google\Chrome\Application\chrome.exe
2026-07-14 19:54:41 INFO  DriverManager:133 - Found Edge binary at: C:\Program Files (x86)\Microsoft\Edge\Application\msedge.exe
2026-07-14 19:54:41 WARN  DriverManager:158 - Chrome binary not found; falling back to Edge because Edge was detected at: C:\Program Files (x86)\Microsoft\Edge\Application\msedge.exe
2026-07-14 19:54:41 ERROR DriverManager:165 - Failed to launch Edge fallback after Chrome was not found: io.github.bonigarcia.wdm.config.WebDriverManagerException: java.net.UnknownHostException: msedgedriver.azureedge.net
io.github.bonigarcia.wdm.config.WebDriverManagerException: io.github.bonigarcia.wdm.config.WebDriverManagerException: java.net.UnknownHostException: msedgedriver.azureedge.net
	at io.github.bonigarcia.wdm.WebDriverManager.handleException(WebDriverManager.java:1409)
	at io.github.bonigarcia.wdm.WebDriverManager.manage(WebDriverManager.java:1183)
	at io.github.bonigarcia.wdm.WebDriverManager.fallback(WebDriverManager.java:1425)
	at io.github.bonigarcia.wdm.WebDriverManager.handleException(WebDriverManager.java:1406)
	at io.github.bonigarcia.wdm.WebDriverManager.manage(WebDriverManager.java:1183)
	at io.github.bonigarcia.wdm.WebDriverManager.handleException(WebDriverManager.java:1399)
	at io.github.bonigarcia.wdm.WebDriverManager.manage(WebDriverManager.java:1183)
	at io.github.bonigarcia.wdm.WebDriverManager.setup(WebDriverManager.java:425)
	at orangeHRM_Webdriver_Manager.DriverManager.launchbrowser(DriverManager.java:160)
	at stepdefinitions.Common_Step_definition.setup(Common_Step_definition.java:41)
	at java.base/jdk.internal.reflect.DirectMethodHandleAccessor.invoke(DirectMethodHandleAccessor.java:103)
	at java.base/java.lang.reflect.Method.invoke(Method.java:580)
	at io.cucumber.java.Invoker.doInvoke(Invoker.java:66)
	at io.cucumber.java.Invoker.invoke(Invoker.java:24)
	at io.cucumber.java.AbstractGlueDefinition.invokeMethod(AbstractGlueDefinition.java:47)
	at io.cucumber.java.JavaHookDefinition.execute(JavaHookDefinition.java:64)
	at io.cucumber.core.runner.CoreHookDefinition.execute(CoreHookDefinition.java:46)
	at io.cucumber.core.runner.HookDefinitionMatch.runStep(HookDefinitionMatch.java:21)
	at io.cucumber.core.runner.ExecutionMode$1.execute(ExecutionMode.java:10)
	at io.cucumber.core.runner.TestStep.executeStep(TestStep.java:84)
	at io.cucumber.core.runner.TestStep.run(TestStep.java:56)
	at io.cucumber.core.runner.TestCase.run(TestCase.java:78)
	at io.cucumber.core.runner.Runner.runPickle(Runner.java:75)
	at io.cucumber.testng.TestNGCucumberRunner.lambda$runScenario$1(TestNGCucumberRunner.java:132)
	at io.cucumber.core.runtime.CucumberExecutionContext.lambda$runTestCase$5(CucumberExecutionContext.java:137)
	at io.cucumber.core.runtime.RethrowingThrowableCollector.executeAndThrow(RethrowingThrowableCollector.java:23)
	at io.cucumber.core.runtime.CucumberExecutionContext.runTestCase(CucumberExecutionContext.java:137)
	at io.cucumber.testng.TestNGCucumberRunner.runScenario(TestNGCucumberRunner.java:129)
	at io.cucumber.testng.AbstractTestNGCucumberTests.runScenario(AbstractTestNGCucumberTests.java:35)
	at java.base/jdk.internal.reflect.DirectMethodHandleAccessor.invoke(DirectMethodHandleAccessor.java:103)
	at java.base/java.lang.reflect.Method.invoke(Method.java:580)
	at org.testng.internal.invokers.MethodInvocationHelper.invokeMethod(MethodInvocationHelper.java:139)
	at org.testng.internal.invokers.TestInvoker.invokeMethod(TestInvoker.java:664)
	at org.testng.internal.invokers.TestInvoker.invokeTestMethod(TestInvoker.java:227)
	at org.testng.internal.invokers.MethodRunner.runInSequence(MethodRunner.java:50)
	at org.testng.internal.invokers.TestInvoker$MethodInvocationAgent.invoke(TestInvoker.java:957)
	at org.testng.internal.invokers.TestInvoker.invokeTestMethods(TestInvoker.java:200)
	at org.testng.internal.invokers.TestMethodWorker.invokeTestMethods(TestMethodWorker.java:148)
	at org.testng.internal.invokers.TestMethodWorker.run(TestMethodWorker.java:128)
	at java.base/java.util.ArrayList.forEach(ArrayList.java:1596)
	at org.testng.TestRunner.privateRun(TestRunner.java:848)
	at org.testng.TestRunner.run(TestRunner.java:621)
	at org.testng.SuiteRunner.runTest(SuiteRunner.java:443)
	at org.testng.SuiteRunner.runSequentially(SuiteRunner.java:437)
	at org.testng.SuiteRunner.privateRun(SuiteRunner.java:397)
	at org.testng.SuiteRunner.run(SuiteRunner.java:336)
	at org.testng.SuiteRunnerWorker.runSuite(SuiteRunnerWorker.java:52)
	at org.testng.SuiteRunnerWorker.run(SuiteRunnerWorker.java:95)
	at org.testng.TestNG.runSuitesSequentially(TestNG.java:1280)
	at org.testng.TestNG.runSuitesLocally(TestNG.java:1200)
	at org.testng.TestNG.runSuites(TestNG.java:1114)
	at org.testng.TestNG.run(TestNG.java:1082)
	at com.intellij.rt.testng.IDEARemoteTestNG.run(IDEARemoteTestNG.java:65)
	at com.intellij.rt.testng.RemoteTestNGStarter.main(RemoteTestNGStarter.java:109)
Caused by: io.github.bonigarcia.wdm.config.WebDriverManagerException: java.net.UnknownHostException: msedgedriver.azureedge.net
	at io.github.bonigarcia.wdm.WebDriverManager.getDriversFromXml(WebDriverManager.java:1562)
	at io.github.bonigarcia.wdm.managers.EdgeDriverManager.getDriverUrls(EdgeDriverManager.java:115)
	at io.github.bonigarcia.wdm.WebDriverManager.createUrlHandler(WebDriverManager.java:1430)
	at io.github.bonigarcia.wdm.WebDriverManager.download(WebDriverManager.java:1258)
	at io.github.bonigarcia.wdm.WebDriverManager.manage(WebDriverManager.java:1177)
	... 52 more
Caused by: java.net.UnknownHostException: msedgedriver.azureedge.net
	at java.base/java.net.InetAddress$CachedLookup.get(InetAddress.java:988)
	at java.base/java.net.InetAddress.getAllByName0(InetAddress.java:1818)
	at java.base/java.net.InetAddress.getAllByName(InetAddress.java:1688)
	at org.apache.hc.client5.http.SystemDefaultDnsResolver.resolve(SystemDefaultDnsResolver.java:43)
	at org.apache.hc.client5.http.impl.io.DefaultHttpClientConnectionOperator.connect(DefaultHttpClientConnectionOperator.java:141)
	at org.apache.hc.client5.http.impl.io.PoolingHttpClientConnectionManager.connect(PoolingHttpClientConnectionManager.java:447)
	at org.apache.hc.client5.http.impl.classic.InternalExecRuntime.connectEndpoint(InternalExecRuntime.java:162)
	at org.apache.hc.client5.http.impl.classic.InternalExecRuntime.connectEndpoint(InternalExecRuntime.java:172)
	at org.apache.hc.client5.http.impl.classic.ConnectExec.execute(ConnectExec.java:142)
	at org.apache.hc.client5.http.impl.classic.ExecChainElement.execute(ExecChainElement.java:51)
	at org.apache.hc.client5.http.impl.classic.ProtocolExec.execute(ProtocolExec.java:192)
	at org.apache.hc.client5.http.impl.classic.ExecChainElement.execute(ExecChainElement.java:51)
	at org.apache.hc.client5.http.impl.classic.HttpRequestRetryExec.execute(HttpRequestRetryExec.java:96)
	at org.apache.hc.client5.http.impl.classic.ExecChainElement.execute(ExecChainElement.java:51)
	at org.apache.hc.client5.http.impl.classic.ContentCompressionExec.execute(ContentCompressionExec.java:152)
	at org.apache.hc.client5.http.impl.classic.ExecChainElement.execute(ExecChainElement.java:51)
	at org.apache.hc.client5.http.impl.classic.RedirectExec.execute(RedirectExec.java:115)
	at org.apache.hc.client5.http.impl.classic.ExecChainElement.execute(ExecChainElement.java:51)
	at org.apache.hc.client5.http.impl.classic.InternalHttpClient.doExecute(InternalHttpClient.java:170)
	at org.apache.hc.client5.http.impl.classic.CloseableHttpClient.execute(CloseableHttpClient.java:87)
	at org.apache.hc.client5.http.impl.classic.CloseableHttpClient.execute(CloseableHttpClient.java:55)
	at org.apache.hc.client5.http.classic.HttpClient.executeOpen(HttpClient.java:183)
	at io.github.bonigarcia.wdm.online.HttpClient.execute(HttpClient.java:162)
	at io.github.bonigarcia.wdm.WebDriverManager.getDriversFromXml(WebDriverManager.java:1547)
	... 56 more
2026-07-14 19:54:41 ERROR Create_jobtitle_Step_def:21 - java.lang.IllegalArgumentException: Input must be set
2026-07-14 19:54:41 ERROR Create_jobtitle_Step_def:32 - java.lang.IllegalArgumentException: Input must be set
2026-07-14 19:54:41 ERROR Create_jobtitle_Step_def:42 - java.lang.IllegalArgumentException: Input must be set
2026-07-14 19:54:41 ERROR Create_jobtitle_Step_def:52 - java.lang.IllegalArgumentException: Input must be set
2026-07-14 19:54:41 ERROR Create_jobtitle_Step_def:62 - java.lang.IllegalArgumentException: Input must be set
2026-07-14 19:54:41 ERROR Create_jobtitle_Step_def:74 - java.lang.IllegalArgumentException: Input must be set
2026-07-14 19:54:41 ERROR Create_jobtitle_Step_def:84 - java.lang.IllegalArgumentException: Input must be set
2026-07-14 19:54:41 ERROR Create_jobtitle_Step_def:94 - java.lang.IllegalArgumentException: Input must be set
2026-07-14 19:54:42 INFO  Common_Step_definition:29 - Execution Started
2026-07-14 19:54:42 INFO  Common_Step_definition:32 - Instantiated the commonUtils
2026-07-14 19:54:42 INFO  Common_Step_definition:35 - loading the config properties file
2026-07-14 19:54:42 INFO  Common_Step_definition:38 - Checking the Driver is Null or Not?
2026-07-14 19:54:42 INFO  Common_Step_definition:40 - Driver is Null. Instatiating it!
2026-07-14 19:54:43 INFO  DriverManager:30 - Launchingchrome
2026-07-14 19:54:43 INFO  DriverManager:39 - CHROME_BINARY_PATH provided in config: C:\Program Files\Google\Chrome\Application\chrome.exe
2026-07-14 19:54:43 INFO  DriverManager:133 - Found Edge binary at: C:\Program Files (x86)\Microsoft\Edge\Application\msedge.exe
2026-07-14 19:54:43 WARN  DriverManager:158 - Chrome binary not found; falling back to Edge because Edge was detected at: C:\Program Files (x86)\Microsoft\Edge\Application\msedge.exe
2026-07-14 19:54:44 ERROR DriverManager:165 - Failed to launch Edge fallback after Chrome was not found: io.github.bonigarcia.wdm.config.WebDriverManagerException: java.net.UnknownHostException: msedgedriver.azureedge.net
io.github.bonigarcia.wdm.config.WebDriverManagerException: io.github.bonigarcia.wdm.config.WebDriverManagerException: java.net.UnknownHostException: msedgedriver.azureedge.net
	at io.github.bonigarcia.wdm.WebDriverManager.handleException(WebDriverManager.java:1409)
	at io.github.bonigarcia.wdm.WebDriverManager.manage(WebDriverManager.java:1183)
	at io.github.bonigarcia.wdm.WebDriverManager.fallback(WebDriverManager.java:1425)
	at io.github.bonigarcia.wdm.WebDriverManager.handleException(WebDriverManager.java:1406)
	at io.github.bonigarcia.wdm.WebDriverManager.manage(WebDriverManager.java:1183)
	at io.github.bonigarcia.wdm.WebDriverManager.handleException(WebDriverManager.java:1399)
	at io.github.bonigarcia.wdm.WebDriverManager.manage(WebDriverManager.java:1183)
	at io.github.bonigarcia.wdm.WebDriverManager.setup(WebDriverManager.java:425)
	at orangeHRM_Webdriver_Manager.DriverManager.launchbrowser(DriverManager.java:160)
	at stepdefinitions.Common_Step_definition.setup(Common_Step_definition.java:41)
	at java.base/jdk.internal.reflect.DirectMethodHandleAccessor.invoke(DirectMethodHandleAccessor.java:103)
	at java.base/java.lang.reflect.Method.invoke(Method.java:580)
	at io.cucumber.java.Invoker.doInvoke(Invoker.java:66)
	at io.cucumber.java.Invoker.invoke(Invoker.java:24)
	at io.cucumber.java.AbstractGlueDefinition.invokeMethod(AbstractGlueDefinition.java:47)
	at io.cucumber.java.JavaHookDefinition.execute(JavaHookDefinition.java:64)
	at io.cucumber.core.runner.CoreHookDefinition.execute(CoreHookDefinition.java:46)
	at io.cucumber.core.runner.HookDefinitionMatch.runStep(HookDefinitionMatch.java:21)
	at io.cucumber.core.runner.ExecutionMode$1.execute(ExecutionMode.java:10)
	at io.cucumber.core.runner.TestStep.executeStep(TestStep.java:84)
	at io.cucumber.core.runner.TestStep.run(TestStep.java:56)
	at io.cucumber.core.runner.TestCase.run(TestCase.java:78)
	at io.cucumber.core.runner.Runner.runPickle(Runner.java:75)
	at io.cucumber.testng.TestNGCucumberRunner.lambda$runScenario$1(TestNGCucumberRunner.java:132)
	at io.cucumber.core.runtime.CucumberExecutionContext.lambda$runTestCase$5(CucumberExecutionContext.java:137)
	at io.cucumber.core.runtime.RethrowingThrowableCollector.executeAndThrow(RethrowingThrowableCollector.java:23)
	at io.cucumber.core.runtime.CucumberExecutionContext.runTestCase(CucumberExecutionContext.java:137)
	at io.cucumber.testng.TestNGCucumberRunner.runScenario(TestNGCucumberRunner.java:129)
	at io.cucumber.testng.AbstractTestNGCucumberTests.runScenario(AbstractTestNGCucumberTests.java:35)
	at java.base/jdk.internal.reflect.DirectMethodHandleAccessor.invoke(DirectMethodHandleAccessor.java:103)
	at java.base/java.lang.reflect.Method.invoke(Method.java:580)
	at org.testng.internal.invokers.MethodInvocationHelper.invokeMethod(MethodInvocationHelper.java:139)
	at org.testng.internal.invokers.TestInvoker.invokeMethod(TestInvoker.java:664)
	at org.testng.internal.invokers.TestInvoker.invokeTestMethod(TestInvoker.java:227)
	at org.testng.internal.invokers.MethodRunner.runInSequence(MethodRunner.java:50)
	at org.testng.internal.invokers.TestInvoker$MethodInvocationAgent.invoke(TestInvoker.java:957)
	at org.testng.internal.invokers.TestInvoker.invokeTestMethods(TestInvoker.java:200)
	at org.testng.internal.invokers.TestMethodWorker.invokeTestMethods(TestMethodWorker.java:148)
	at org.testng.internal.invokers.TestMethodWorker.run(TestMethodWorker.java:128)
	at java.base/java.util.ArrayList.forEach(ArrayList.java:1596)
	at org.testng.TestRunner.privateRun(TestRunner.java:848)
	at org.testng.TestRunner.run(TestRunner.java:621)
	at org.testng.SuiteRunner.runTest(SuiteRunner.java:443)
	at org.testng.SuiteRunner.runSequentially(SuiteRunner.java:437)
	at org.testng.SuiteRunner.privateRun(SuiteRunner.java:397)
	at org.testng.SuiteRunner.run(SuiteRunner.java:336)
	at org.testng.SuiteRunnerWorker.runSuite(SuiteRunnerWorker.java:52)
	at org.testng.SuiteRunnerWorker.run(SuiteRunnerWorker.java:95)
	at org.testng.TestNG.runSuitesSequentially(TestNG.java:1280)
	at org.testng.TestNG.runSuitesLocally(TestNG.java:1200)
	at org.testng.TestNG.runSuites(TestNG.java:1114)
	at org.testng.TestNG.run(TestNG.java:1082)
	at com.intellij.rt.testng.IDEARemoteTestNG.run(IDEARemoteTestNG.java:65)
	at com.intellij.rt.testng.RemoteTestNGStarter.main(RemoteTestNGStarter.java:109)
Caused by: io.github.bonigarcia.wdm.config.WebDriverManagerException: java.net.UnknownHostException: msedgedriver.azureedge.net
	at io.github.bonigarcia.wdm.WebDriverManager.getDriversFromXml(WebDriverManager.java:1562)
	at io.github.bonigarcia.wdm.managers.EdgeDriverManager.getDriverUrls(EdgeDriverManager.java:115)
	at io.github.bonigarcia.wdm.WebDriverManager.createUrlHandler(WebDriverManager.java:1430)
	at io.github.bonigarcia.wdm.WebDriverManager.download(WebDriverManager.java:1258)
	at io.github.bonigarcia.wdm.WebDriverManager.manage(WebDriverManager.java:1177)
	... 52 more
Caused by: java.net.UnknownHostException: msedgedriver.azureedge.net
	at java.base/java.net.InetAddress$CachedLookup.get(InetAddress.java:988)
	at java.base/java.net.InetAddress.getAllByName0(InetAddress.java:1818)
	at java.base/java.net.InetAddress.getAllByName(InetAddress.java:1688)
	at org.apache.hc.client5.http.SystemDefaultDnsResolver.resolve(SystemDefaultDnsResolver.java:43)
	at org.apache.hc.client5.http.impl.io.DefaultHttpClientConnectionOperator.connect(DefaultHttpClientConnectionOperator.java:141)
	at org.apache.hc.client5.http.impl.io.PoolingHttpClientConnectionManager.connect(PoolingHttpClientConnectionManager.java:447)
	at org.apache.hc.client5.http.impl.classic.InternalExecRuntime.connectEndpoint(InternalExecRuntime.java:162)
	at org.apache.hc.client5.http.impl.classic.InternalExecRuntime.connectEndpoint(InternalExecRuntime.java:172)
	at org.apache.hc.client5.http.impl.classic.ConnectExec.execute(ConnectExec.java:142)
	at org.apache.hc.client5.http.impl.classic.ExecChainElement.execute(ExecChainElement.java:51)
	at org.apache.hc.client5.http.impl.classic.ProtocolExec.execute(ProtocolExec.java:192)
	at org.apache.hc.client5.http.impl.classic.ExecChainElement.execute(ExecChainElement.java:51)
	at org.apache.hc.client5.http.impl.classic.HttpRequestRetryExec.execute(HttpRequestRetryExec.java:96)
	at org.apache.hc.client5.http.impl.classic.ExecChainElement.execute(ExecChainElement.java:51)
	at org.apache.hc.client5.http.impl.classic.ContentCompressionExec.execute(ContentCompressionExec.java:152)
	at org.apache.hc.client5.http.impl.classic.ExecChainElement.execute(ExecChainElement.java:51)
	at org.apache.hc.client5.http.impl.classic.RedirectExec.execute(RedirectExec.java:115)
	at org.apache.hc.client5.http.impl.classic.ExecChainElement.execute(ExecChainElement.java:51)
	at org.apache.hc.client5.http.impl.classic.InternalHttpClient.doExecute(InternalHttpClient.java:170)
	at org.apache.hc.client5.http.impl.classic.CloseableHttpClient.execute(CloseableHttpClient.java:87)
	at org.apache.hc.client5.http.impl.classic.CloseableHttpClient.execute(CloseableHttpClient.java:55)
	at org.apache.hc.client5.http.classic.HttpClient.executeOpen(HttpClient.java:183)
	at io.github.bonigarcia.wdm.online.HttpClient.execute(HttpClient.java:162)
	at io.github.bonigarcia.wdm.WebDriverManager.getDriversFromXml(WebDriverManager.java:1547)
	... 56 more
2026-07-14 19:54:44 ERROR VerifyCEOName_Step_Def:34 - java.lang.NullPointerException: Cannot invoke "org.openqa.selenium.WebDriver.getCurrentUrl()" because the return value of "orangeHRM_Webdriver_Manager.DriverManager.getDriver()" is null
2026-07-14 19:54:44 ERROR VerifyCEOName_Step_Def:69 - java.lang.IllegalArgumentException: Input must be set
2026-07-14 19:54:44 ERROR VerifyCEOName_Step_Def:108 - java.lang.IllegalArgumentException: Input must be set
2026-07-14 19:54:44 ERROR VerifyCEOName_Step_Def:120 - java.lang.IllegalArgumentException: Input must be set
2026-07-14 19:54:44 INFO  Common_Step_definition:29 - Execution Started
2026-07-14 19:54:44 INFO  Common_Step_definition:32 - Instantiated the commonUtils
2026-07-14 19:54:44 INFO  Common_Step_definition:35 - loading the config properties file
2026-07-14 19:54:44 INFO  Common_Step_definition:38 - Checking the Driver is Null or Not?
2026-07-14 19:54:44 INFO  Common_Step_definition:40 - Driver is Null. Instatiating it!
2026-07-14 19:54:45 INFO  DriverManager:30 - Launchingchrome
2026-07-14 19:54:45 INFO  DriverManager:39 - CHROME_BINARY_PATH provided in config: C:\Program Files\Google\Chrome\Application\chrome.exe
2026-07-14 19:54:45 INFO  DriverManager:133 - Found Edge binary at: C:\Program Files (x86)\Microsoft\Edge\Application\msedge.exe
2026-07-14 19:54:45 WARN  DriverManager:158 - Chrome binary not found; falling back to Edge because Edge was detected at: C:\Program Files (x86)\Microsoft\Edge\Application\msedge.exe
2026-07-14 19:54:45 ERROR DriverManager:165 - Failed to launch Edge fallback after Chrome was not found: io.github.bonigarcia.wdm.config.WebDriverManagerException: java.net.UnknownHostException: msedgedriver.azureedge.net
io.github.bonigarcia.wdm.config.WebDriverManagerException: io.github.bonigarcia.wdm.config.WebDriverManagerException: java.net.UnknownHostException: msedgedriver.azureedge.net
	at io.github.bonigarcia.wdm.WebDriverManager.handleException(WebDriverManager.java:1409)
	at io.github.bonigarcia.wdm.WebDriverManager.manage(WebDriverManager.java:1183)
	at io.github.bonigarcia.wdm.WebDriverManager.fallback(WebDriverManager.java:1425)
	at io.github.bonigarcia.wdm.WebDriverManager.handleException(WebDriverManager.java:1406)
	at io.github.bonigarcia.wdm.WebDriverManager.manage(WebDriverManager.java:1183)
	at io.github.bonigarcia.wdm.WebDriverManager.handleException(WebDriverManager.java:1399)
	at io.github.bonigarcia.wdm.WebDriverManager.manage(WebDriverManager.java:1183)
	at io.github.bonigarcia.wdm.WebDriverManager.setup(WebDriverManager.java:425)
	at orangeHRM_Webdriver_Manager.DriverManager.launchbrowser(DriverManager.java:160)
	at stepdefinitions.Common_Step_definition.setup(Common_Step_definition.java:41)
	at java.base/jdk.internal.reflect.DirectMethodHandleAccessor.invoke(DirectMethodHandleAccessor.java:103)
	at java.base/java.lang.reflect.Method.invoke(Method.java:580)
	at io.cucumber.java.Invoker.doInvoke(Invoker.java:66)
	at io.cucumber.java.Invoker.invoke(Invoker.java:24)
	at io.cucumber.java.AbstractGlueDefinition.invokeMethod(AbstractGlueDefinition.java:47)
	at io.cucumber.java.JavaHookDefinition.execute(JavaHookDefinition.java:64)
	at io.cucumber.core.runner.CoreHookDefinition.execute(CoreHookDefinition.java:46)
	at io.cucumber.core.runner.HookDefinitionMatch.runStep(HookDefinitionMatch.java:21)
	at io.cucumber.core.runner.ExecutionMode$1.execute(ExecutionMode.java:10)
	at io.cucumber.core.runner.TestStep.executeStep(TestStep.java:84)
	at io.cucumber.core.runner.TestStep.run(TestStep.java:56)
	at io.cucumber.core.runner.TestCase.run(TestCase.java:78)
	at io.cucumber.core.runner.Runner.runPickle(Runner.java:75)
	at io.cucumber.testng.TestNGCucumberRunner.lambda$runScenario$1(TestNGCucumberRunner.java:132)
	at io.cucumber.core.runtime.CucumberExecutionContext.lambda$runTestCase$5(CucumberExecutionContext.java:137)
	at io.cucumber.core.runtime.RethrowingThrowableCollector.executeAndThrow(RethrowingThrowableCollector.java:23)
	at io.cucumber.core.runtime.CucumberExecutionContext.runTestCase(CucumberExecutionContext.java:137)
	at io.cucumber.testng.TestNGCucumberRunner.runScenario(TestNGCucumberRunner.java:129)
	at io.cucumber.testng.AbstractTestNGCucumberTests.runScenario(AbstractTestNGCucumberTests.java:35)
	at java.base/jdk.internal.reflect.DirectMethodHandleAccessor.invoke(DirectMethodHandleAccessor.java:103)
	at java.base/java.lang.reflect.Method.invoke(Method.java:580)
	at org.testng.internal.invokers.MethodInvocationHelper.invokeMethod(MethodInvocationHelper.java:139)
	at org.testng.internal.invokers.TestInvoker.invokeMethod(TestInvoker.java:664)
	at org.testng.internal.invokers.TestInvoker.invokeTestMethod(TestInvoker.java:227)
	at org.testng.internal.invokers.MethodRunner.runInSequence(MethodRunner.java:50)
	at org.testng.internal.invokers.TestInvoker$MethodInvocationAgent.invoke(TestInvoker.java:957)
	at org.testng.internal.invokers.TestInvoker.invokeTestMethods(TestInvoker.java:200)
	at org.testng.internal.invokers.TestMethodWorker.invokeTestMethods(TestMethodWorker.java:148)
	at org.testng.internal.invokers.TestMethodWorker.run(TestMethodWorker.java:128)
	at java.base/java.util.ArrayList.forEach(ArrayList.java:1596)
	at org.testng.TestRunner.privateRun(TestRunner.java:848)
	at org.testng.TestRunner.run(TestRunner.java:621)
	at org.testng.SuiteRunner.runTest(SuiteRunner.java:443)
	at org.testng.SuiteRunner.runSequentially(SuiteRunner.java:437)
	at org.testng.SuiteRunner.privateRun(SuiteRunner.java:397)
	at org.testng.SuiteRunner.run(SuiteRunner.java:336)
	at org.testng.SuiteRunnerWorker.runSuite(SuiteRunnerWorker.java:52)
	at org.testng.SuiteRunnerWorker.run(SuiteRunnerWorker.java:95)
	at org.testng.TestNG.runSuitesSequentially(TestNG.java:1280)
	at org.testng.TestNG.runSuitesLocally(TestNG.java:1200)
	at org.testng.TestNG.runSuites(TestNG.java:1114)
	at org.testng.TestNG.run(TestNG.java:1082)
	at com.intellij.rt.testng.IDEARemoteTestNG.run(IDEARemoteTestNG.java:65)
	at com.intellij.rt.testng.RemoteTestNGStarter.main(RemoteTestNGStarter.java:109)
Caused by: io.github.bonigarcia.wdm.config.WebDriverManagerException: java.net.UnknownHostException: msedgedriver.azureedge.net
	at io.github.bonigarcia.wdm.WebDriverManager.getDriversFromXml(WebDriverManager.java:1562)
	at io.github.bonigarcia.wdm.managers.EdgeDriverManager.getDriverUrls(EdgeDriverManager.java:115)
	at io.github.bonigarcia.wdm.WebDriverManager.createUrlHandler(WebDriverManager.java:1430)
	at io.github.bonigarcia.wdm.WebDriverManager.download(WebDriverManager.java:1258)
	at io.github.bonigarcia.wdm.WebDriverManager.manage(WebDriverManager.java:1177)
	... 52 more
Caused by: java.net.UnknownHostException: msedgedriver.azureedge.net
	at java.base/java.net.InetAddress$CachedLookup.get(InetAddress.java:988)
	at java.base/java.net.InetAddress.getAllByName0(InetAddress.java:1818)
	at java.base/java.net.InetAddress.getAllByName(InetAddress.java:1688)
	at org.apache.hc.client5.http.SystemDefaultDnsResolver.resolve(SystemDefaultDnsResolver.java:43)
	at org.apache.hc.client5.http.impl.io.DefaultHttpClientConnectionOperator.connect(DefaultHttpClientConnectionOperator.java:141)
	at org.apache.hc.client5.http.impl.io.PoolingHttpClientConnectionManager.connect(PoolingHttpClientConnectionManager.java:447)
	at org.apache.hc.client5.http.impl.classic.InternalExecRuntime.connectEndpoint(InternalExecRuntime.java:162)
	at org.apache.hc.client5.http.impl.classic.InternalExecRuntime.connectEndpoint(InternalExecRuntime.java:172)
	at org.apache.hc.client5.http.impl.classic.ConnectExec.execute(ConnectExec.java:142)
	at org.apache.hc.client5.http.impl.classic.ExecChainElement.execute(ExecChainElement.java:51)
	at org.apache.hc.client5.http.impl.classic.ProtocolExec.execute(ProtocolExec.java:192)
	at org.apache.hc.client5.http.impl.classic.ExecChainElement.execute(ExecChainElement.java:51)
	at org.apache.hc.client5.http.impl.classic.HttpRequestRetryExec.execute(HttpRequestRetryExec.java:96)
	at org.apache.hc.client5.http.impl.classic.ExecChainElement.execute(ExecChainElement.java:51)
	at org.apache.hc.client5.http.impl.classic.ContentCompressionExec.execute(ContentCompressionExec.java:152)
	at org.apache.hc.client5.http.impl.classic.ExecChainElement.execute(ExecChainElement.java:51)
	at org.apache.hc.client5.http.impl.classic.RedirectExec.execute(RedirectExec.java:115)
	at org.apache.hc.client5.http.impl.classic.ExecChainElement.execute(ExecChainElement.java:51)
	at org.apache.hc.client5.http.impl.classic.InternalHttpClient.doExecute(InternalHttpClient.java:170)
	at org.apache.hc.client5.http.impl.classic.CloseableHttpClient.execute(CloseableHttpClient.java:87)
	at org.apache.hc.client5.http.impl.classic.CloseableHttpClient.execute(CloseableHttpClient.java:55)
	at org.apache.hc.client5.http.classic.HttpClient.executeOpen(HttpClient.java:183)
	at io.github.bonigarcia.wdm.online.HttpClient.execute(HttpClient.java:162)
	at io.github.bonigarcia.wdm.WebDriverManager.getDriversFromXml(WebDriverManager.java:1547)
	... 56 more
2026-07-14 19:54:45 ERROR Verify_Pending_Timesheets_Step_def:22 - java.lang.NullPointerException: Cannot invoke "org.openqa.selenium.WebDriver.getCurrentUrl()" because the return value of "orangeHRM_Webdriver_Manager.DriverManager.getDriver()" is null
2026-07-14 19:54:45 ERROR Verify_Pending_Timesheets_Step_def:33 - java.lang.IllegalArgumentException: Input must be set
2026-07-14 19:54:45 ERROR Verify_Pending_Timesheets_Step_def:45 - java.lang.NullPointerException: Cannot invoke "org.openqa.selenium.WebElement.sendKeys(java.lang.CharSequence[])" because "this.ENTEREMPOLYEENAME" is null
2026-07-14 19:54:45 ERROR Verify_Pending_Timesheets_Step_def:56 - java.lang.NullPointerException: Cannot invoke "org.openqa.selenium.WebElement.getText()" because "this.NAME" is null
2026-07-15 13:34:15 INFO  Common_Step_definition:29 - Execution Started
2026-07-15 13:34:15 INFO  Common_Step_definition:32 - Instantiated the commonUtils
2026-07-15 13:34:15 INFO  Common_Step_definition:35 - loading the config properties file
2026-07-15 13:34:15 INFO  Common_Step_definition:38 - Checking the Driver is Null or Not?
2026-07-15 13:34:15 INFO  Common_Step_definition:40 - Driver is Null. Instatiating it!
2026-07-15 13:34:37 INFO  DriverManager:30 - Launchingchrome
2026-07-15 13:34:37 INFO  DriverManager:39 - CHROME_BINARY_PATH provided in config: C:\Program Files\Google\Chrome\Application\chrome.exe
2026-07-15 13:34:51 INFO  DriverManager:133 - Found Edge binary at: C:\Program Files (x86)\Microsoft\Edge\Application\msedge.exe
2026-07-15 13:34:51 WARN  DriverManager:158 - Chrome binary not found; falling back to Edge because Edge was detected at: C:\Program Files (x86)\Microsoft\Edge\Application\msedge.exe
2026-07-15 13:34:52 ERROR DriverManager:165 - Failed to launch Edge fallback after Chrome was not found: io.github.bonigarcia.wdm.config.WebDriverManagerException: java.net.UnknownHostException: msedgedriver.azureedge.net
io.github.bonigarcia.wdm.config.WebDriverManagerException: io.github.bonigarcia.wdm.config.WebDriverManagerException: java.net.UnknownHostException: msedgedriver.azureedge.net
	at io.github.bonigarcia.wdm.WebDriverManager.handleException(WebDriverManager.java:1409)
	at io.github.bonigarcia.wdm.WebDriverManager.manage(WebDriverManager.java:1183)
	at io.github.bonigarcia.wdm.WebDriverManager.fallback(WebDriverManager.java:1425)
	at io.github.bonigarcia.wdm.WebDriverManager.handleException(WebDriverManager.java:1406)
	at io.github.bonigarcia.wdm.WebDriverManager.manage(WebDriverManager.java:1183)
	at io.github.bonigarcia.wdm.WebDriverManager.handleException(WebDriverManager.java:1399)
	at io.github.bonigarcia.wdm.WebDriverManager.manage(WebDriverManager.java:1183)
	at io.github.bonigarcia.wdm.WebDriverManager.setup(WebDriverManager.java:425)
	at orangeHRM_Webdriver_Manager.DriverManager.launchbrowser(DriverManager.java:160)
	at stepdefinitions.Common_Step_definition.setup(Common_Step_definition.java:41)
	at java.base/jdk.internal.reflect.DirectMethodHandleAccessor.invoke(DirectMethodHandleAccessor.java:103)
	at java.base/java.lang.reflect.Method.invoke(Method.java:580)
	at io.cucumber.java.Invoker.doInvoke(Invoker.java:66)
	at io.cucumber.java.Invoker.invoke(Invoker.java:24)
	at io.cucumber.java.AbstractGlueDefinition.invokeMethod(AbstractGlueDefinition.java:47)
	at io.cucumber.java.JavaHookDefinition.execute(JavaHookDefinition.java:64)
	at io.cucumber.core.runner.CoreHookDefinition.execute(CoreHookDefinition.java:46)
	at io.cucumber.core.runner.HookDefinitionMatch.runStep(HookDefinitionMatch.java:21)
	at io.cucumber.core.runner.ExecutionMode$1.execute(ExecutionMode.java:10)
	at io.cucumber.core.runner.TestStep.executeStep(TestStep.java:84)
	at io.cucumber.core.runner.TestStep.run(TestStep.java:56)
	at io.cucumber.core.runner.TestCase.run(TestCase.java:78)
	at io.cucumber.core.runner.Runner.runPickle(Runner.java:75)
	at io.cucumber.testng.TestNGCucumberRunner.lambda$runScenario$1(TestNGCucumberRunner.java:132)
	at io.cucumber.core.runtime.CucumberExecutionContext.lambda$runTestCase$5(CucumberExecutionContext.java:137)
	at io.cucumber.core.runtime.RethrowingThrowableCollector.executeAndThrow(RethrowingThrowableCollector.java:23)
	at io.cucumber.core.runtime.CucumberExecutionContext.runTestCase(CucumberExecutionContext.java:137)
	at io.cucumber.testng.TestNGCucumberRunner.runScenario(TestNGCucumberRunner.java:129)
	at io.cucumber.testng.AbstractTestNGCucumberTests.runScenario(AbstractTestNGCucumberTests.java:35)
	at java.base/jdk.internal.reflect.DirectMethodHandleAccessor.invoke(DirectMethodHandleAccessor.java:103)
	at java.base/java.lang.reflect.Method.invoke(Method.java:580)
	at org.testng.internal.invokers.MethodInvocationHelper.invokeMethod(MethodInvocationHelper.java:139)
	at org.testng.internal.invokers.TestInvoker.invokeMethod(TestInvoker.java:664)
	at org.testng.internal.invokers.TestInvoker.invokeTestMethod(TestInvoker.java:227)
	at org.testng.internal.invokers.MethodRunner.runInSequence(MethodRunner.java:50)
	at org.testng.internal.invokers.TestInvoker$MethodInvocationAgent.invoke(TestInvoker.java:957)
	at org.testng.internal.invokers.TestInvoker.invokeTestMethods(TestInvoker.java:200)
	at org.testng.internal.invokers.TestMethodWorker.invokeTestMethods(TestMethodWorker.java:148)
	at org.testng.internal.invokers.TestMethodWorker.run(TestMethodWorker.java:128)
	at java.base/java.util.ArrayList.forEach(ArrayList.java:1596)
	at org.testng.TestRunner.privateRun(TestRunner.java:848)
	at org.testng.TestRunner.run(TestRunner.java:621)
	at org.testng.SuiteRunner.runTest(SuiteRunner.java:443)
	at org.testng.SuiteRunner.runSequentially(SuiteRunner.java:437)
	at org.testng.SuiteRunner.privateRun(SuiteRunner.java:397)
	at org.testng.SuiteRunner.run(SuiteRunner.java:336)
	at org.testng.SuiteRunnerWorker.runSuite(SuiteRunnerWorker.java:52)
	at org.testng.SuiteRunnerWorker.run(SuiteRunnerWorker.java:95)
	at org.testng.TestNG.runSuitesSequentially(TestNG.java:1280)
	at org.testng.TestNG.runSuitesLocally(TestNG.java:1200)
	at org.testng.TestNG.runSuites(TestNG.java:1114)
	at org.testng.TestNG.run(TestNG.java:1082)
	at com.intellij.rt.testng.IDEARemoteTestNG.run(IDEARemoteTestNG.java:65)
	at com.intellij.rt.testng.RemoteTestNGStarter.main(RemoteTestNGStarter.java:109)
Caused by: io.github.bonigarcia.wdm.config.WebDriverManagerException: java.net.UnknownHostException: msedgedriver.azureedge.net
	at io.github.bonigarcia.wdm.WebDriverManager.getDriversFromXml(WebDriverManager.java:1562)
	at io.github.bonigarcia.wdm.managers.EdgeDriverManager.getDriverUrls(EdgeDriverManager.java:115)
	at io.github.bonigarcia.wdm.WebDriverManager.createUrlHandler(WebDriverManager.java:1430)
	at io.github.bonigarcia.wdm.WebDriverManager.download(WebDriverManager.java:1258)
	at io.github.bonigarcia.wdm.WebDriverManager.manage(WebDriverManager.java:1177)
	... 52 more
Caused by: java.net.UnknownHostException: msedgedriver.azureedge.net
	at java.base/java.net.InetAddress$CachedLookup.get(InetAddress.java:988)
	at java.base/java.net.InetAddress.getAllByName0(InetAddress.java:1818)
	at java.base/java.net.InetAddress.getAllByName(InetAddress.java:1688)
	at org.apache.hc.client5.http.SystemDefaultDnsResolver.resolve(SystemDefaultDnsResolver.java:43)
	at org.apache.hc.client5.http.impl.io.DefaultHttpClientConnectionOperator.connect(DefaultHttpClientConnectionOperator.java:141)
	at org.apache.hc.client5.http.impl.io.PoolingHttpClientConnectionManager.connect(PoolingHttpClientConnectionManager.java:447)
	at org.apache.hc.client5.http.impl.classic.InternalExecRuntime.connectEndpoint(InternalExecRuntime.java:162)
	at org.apache.hc.client5.http.impl.classic.InternalExecRuntime.connectEndpoint(InternalExecRuntime.java:172)
	at org.apache.hc.client5.http.impl.classic.ConnectExec.execute(ConnectExec.java:142)
	at org.apache.hc.client5.http.impl.classic.ExecChainElement.execute(ExecChainElement.java:51)
	at org.apache.hc.client5.http.impl.classic.ProtocolExec.execute(ProtocolExec.java:192)
	at org.apache.hc.client5.http.impl.classic.ExecChainElement.execute(ExecChainElement.java:51)
	at org.apache.hc.client5.http.impl.classic.HttpRequestRetryExec.execute(HttpRequestRetryExec.java:96)
	at org.apache.hc.client5.http.impl.classic.ExecChainElement.execute(ExecChainElement.java:51)
	at org.apache.hc.client5.http.impl.classic.ContentCompressionExec.execute(ContentCompressionExec.java:152)
	at org.apache.hc.client5.http.impl.classic.ExecChainElement.execute(ExecChainElement.java:51)
	at org.apache.hc.client5.http.impl.classic.RedirectExec.execute(RedirectExec.java:115)
	at org.apache.hc.client5.http.impl.classic.ExecChainElement.execute(ExecChainElement.java:51)
	at org.apache.hc.client5.http.impl.classic.InternalHttpClient.doExecute(InternalHttpClient.java:170)
	at org.apache.hc.client5.http.impl.classic.CloseableHttpClient.execute(CloseableHttpClient.java:87)
	at org.apache.hc.client5.http.impl.classic.CloseableHttpClient.execute(CloseableHttpClient.java:55)
	at org.apache.hc.client5.http.classic.HttpClient.executeOpen(HttpClient.java:183)
	at io.github.bonigarcia.wdm.online.HttpClient.execute(HttpClient.java:162)
	at io.github.bonigarcia.wdm.WebDriverManager.getDriversFromXml(WebDriverManager.java:1547)
	... 56 more
2026-07-15 13:34:52 ERROR Verify_UserManagement_Step_def:19 - java.lang.IllegalArgumentException: Input must be set
2026-07-15 13:34:52 ERROR Verify_UserManagement_Step_def:29 - java.lang.IllegalArgumentException: Input must be set
2026-07-15 13:34:52 ERROR Verify_UserManagement_Step_def:39 - java.lang.IllegalArgumentException: Input must be set
2026-07-15 13:34:52 ERROR Verify_UserManagement_Step_def:48 - java.lang.IllegalArgumentException: Input must be set
2026-07-15 13:34:52 ERROR Verify_UserManagement_Step_def:57 - java.lang.IllegalArgumentException: Input must be set
2026-07-15 13:34:52 ERROR Verify_UserManagement_Step_def:67 - java.lang.IllegalArgumentException: Input must be set
2026-07-15 13:34:52 INFO  Verify_UserManagement_Step_def:73 - user on the admin page
2026-07-15 13:34:52 INFO  Common_Step_definition:29 - Execution Started
2026-07-15 13:34:52 INFO  Common_Step_definition:32 - Instantiated the commonUtils
2026-07-15 13:34:52 INFO  Common_Step_definition:35 - loading the config properties file
2026-07-15 13:34:52 INFO  Common_Step_definition:38 - Checking the Driver is Null or Not?
2026-07-15 13:34:52 INFO  Common_Step_definition:40 - Driver is Null. Instatiating it!
2026-07-15 13:34:54 INFO  DriverManager:30 - Launchingchrome
2026-07-15 13:34:54 INFO  DriverManager:39 - CHROME_BINARY_PATH provided in config: C:\Program Files\Google\Chrome\Application\chrome.exe
2026-07-15 13:34:54 INFO  DriverManager:133 - Found Edge binary at: C:\Program Files (x86)\Microsoft\Edge\Application\msedge.exe
2026-07-15 13:34:54 WARN  DriverManager:158 - Chrome binary not found; falling back to Edge because Edge was detected at: C:\Program Files (x86)\Microsoft\Edge\Application\msedge.exe
2026-07-15 13:34:54 ERROR DriverManager:165 - Failed to launch Edge fallback after Chrome was not found: io.github.bonigarcia.wdm.config.WebDriverManagerException: java.net.UnknownHostException: msedgedriver.azureedge.net
io.github.bonigarcia.wdm.config.WebDriverManagerException: io.github.bonigarcia.wdm.config.WebDriverManagerException: java.net.UnknownHostException: msedgedriver.azureedge.net
	at io.github.bonigarcia.wdm.WebDriverManager.handleException(WebDriverManager.java:1409)
	at io.github.bonigarcia.wdm.WebDriverManager.manage(WebDriverManager.java:1183)
	at io.github.bonigarcia.wdm.WebDriverManager.fallback(WebDriverManager.java:1425)
	at io.github.bonigarcia.wdm.WebDriverManager.handleException(WebDriverManager.java:1406)
	at io.github.bonigarcia.wdm.WebDriverManager.manage(WebDriverManager.java:1183)
	at io.github.bonigarcia.wdm.WebDriverManager.handleException(WebDriverManager.java:1399)
	at io.github.bonigarcia.wdm.WebDriverManager.manage(WebDriverManager.java:1183)
	at io.github.bonigarcia.wdm.WebDriverManager.setup(WebDriverManager.java:425)
	at orangeHRM_Webdriver_Manager.DriverManager.launchbrowser(DriverManager.java:160)
	at stepdefinitions.Common_Step_definition.setup(Common_Step_definition.java:41)
	at java.base/jdk.internal.reflect.DirectMethodHandleAccessor.invoke(DirectMethodHandleAccessor.java:103)
	at java.base/java.lang.reflect.Method.invoke(Method.java:580)
	at io.cucumber.java.Invoker.doInvoke(Invoker.java:66)
	at io.cucumber.java.Invoker.invoke(Invoker.java:24)
	at io.cucumber.java.AbstractGlueDefinition.invokeMethod(AbstractGlueDefinition.java:47)
	at io.cucumber.java.JavaHookDefinition.execute(JavaHookDefinition.java:64)
	at io.cucumber.core.runner.CoreHookDefinition.execute(CoreHookDefinition.java:46)
	at io.cucumber.core.runner.HookDefinitionMatch.runStep(HookDefinitionMatch.java:21)
	at io.cucumber.core.runner.ExecutionMode$1.execute(ExecutionMode.java:10)
	at io.cucumber.core.runner.TestStep.executeStep(TestStep.java:84)
	at io.cucumber.core.runner.TestStep.run(TestStep.java:56)
	at io.cucumber.core.runner.TestCase.run(TestCase.java:78)
	at io.cucumber.core.runner.Runner.runPickle(Runner.java:75)
	at io.cucumber.testng.TestNGCucumberRunner.lambda$runScenario$1(TestNGCucumberRunner.java:132)
	at io.cucumber.core.runtime.CucumberExecutionContext.lambda$runTestCase$5(CucumberExecutionContext.java:137)
	at io.cucumber.core.runtime.RethrowingThrowableCollector.executeAndThrow(RethrowingThrowableCollector.java:23)
	at io.cucumber.core.runtime.CucumberExecutionContext.runTestCase(CucumberExecutionContext.java:137)
	at io.cucumber.testng.TestNGCucumberRunner.runScenario(TestNGCucumberRunner.java:129)
	at io.cucumber.testng.AbstractTestNGCucumberTests.runScenario(AbstractTestNGCucumberTests.java:35)
	at java.base/jdk.internal.reflect.DirectMethodHandleAccessor.invoke(DirectMethodHandleAccessor.java:103)
	at java.base/java.lang.reflect.Method.invoke(Method.java:580)
	at org.testng.internal.invokers.MethodInvocationHelper.invokeMethod(MethodInvocationHelper.java:139)
	at org.testng.internal.invokers.TestInvoker.invokeMethod(TestInvoker.java:664)
	at org.testng.internal.invokers.TestInvoker.invokeTestMethod(TestInvoker.java:227)
	at org.testng.internal.invokers.MethodRunner.runInSequence(MethodRunner.java:50)
	at org.testng.internal.invokers.TestInvoker$MethodInvocationAgent.invoke(TestInvoker.java:957)
	at org.testng.internal.invokers.TestInvoker.invokeTestMethods(TestInvoker.java:200)
	at org.testng.internal.invokers.TestMethodWorker.invokeTestMethods(TestMethodWorker.java:148)
	at org.testng.internal.invokers.TestMethodWorker.run(TestMethodWorker.java:128)
	at java.base/java.util.ArrayList.forEach(ArrayList.java:1596)
	at org.testng.TestRunner.privateRun(TestRunner.java:848)
	at org.testng.TestRunner.run(TestRunner.java:621)
	at org.testng.SuiteRunner.runTest(SuiteRunner.java:443)
	at org.testng.SuiteRunner.runSequentially(SuiteRunner.java:437)
	at org.testng.SuiteRunner.privateRun(SuiteRunner.java:397)
	at org.testng.SuiteRunner.run(SuiteRunner.java:336)
	at org.testng.SuiteRunnerWorker.runSuite(SuiteRunnerWorker.java:52)
	at org.testng.SuiteRunnerWorker.run(SuiteRunnerWorker.java:95)
	at org.testng.TestNG.runSuitesSequentially(TestNG.java:1280)
	at org.testng.TestNG.runSuitesLocally(TestNG.java:1200)
	at org.testng.TestNG.runSuites(TestNG.java:1114)
	at org.testng.TestNG.run(TestNG.java:1082)
	at com.intellij.rt.testng.IDEARemoteTestNG.run(IDEARemoteTestNG.java:65)
	at com.intellij.rt.testng.RemoteTestNGStarter.main(RemoteTestNGStarter.java:109)
Caused by: io.github.bonigarcia.wdm.config.WebDriverManagerException: java.net.UnknownHostException: msedgedriver.azureedge.net
	at io.github.bonigarcia.wdm.WebDriverManager.getDriversFromXml(WebDriverManager.java:1562)
	at io.github.bonigarcia.wdm.managers.EdgeDriverManager.getDriverUrls(EdgeDriverManager.java:115)
	at io.github.bonigarcia.wdm.WebDriverManager.createUrlHandler(WebDriverManager.java:1430)
	at io.github.bonigarcia.wdm.WebDriverManager.download(WebDriverManager.java:1258)
	at io.github.bonigarcia.wdm.WebDriverManager.manage(WebDriverManager.java:1177)
	... 52 more
Caused by: java.net.UnknownHostException: msedgedriver.azureedge.net
	at java.base/java.net.InetAddress$CachedLookup.get(InetAddress.java:988)
	at java.base/java.net.InetAddress.getAllByName0(InetAddress.java:1818)
	at java.base/java.net.InetAddress.getAllByName(InetAddress.java:1688)
	at org.apache.hc.client5.http.SystemDefaultDnsResolver.resolve(SystemDefaultDnsResolver.java:43)
	at org.apache.hc.client5.http.impl.io.DefaultHttpClientConnectionOperator.connect(DefaultHttpClientConnectionOperator.java:141)
	at org.apache.hc.client5.http.impl.io.PoolingHttpClientConnectionManager.connect(PoolingHttpClientConnectionManager.java:447)
	at org.apache.hc.client5.http.impl.classic.InternalExecRuntime.connectEndpoint(InternalExecRuntime.java:162)
	at org.apache.hc.client5.http.impl.classic.InternalExecRuntime.connectEndpoint(InternalExecRuntime.java:172)
	at org.apache.hc.client5.http.impl.classic.ConnectExec.execute(ConnectExec.java:142)
	at org.apache.hc.client5.http.impl.classic.ExecChainElement.execute(ExecChainElement.java:51)
	at org.apache.hc.client5.http.impl.classic.ProtocolExec.execute(ProtocolExec.java:192)
	at org.apache.hc.client5.http.impl.classic.ExecChainElement.execute(ExecChainElement.java:51)
	at org.apache.hc.client5.http.impl.classic.HttpRequestRetryExec.execute(HttpRequestRetryExec.java:96)
	at org.apache.hc.client5.http.impl.classic.ExecChainElement.execute(ExecChainElement.java:51)
	at org.apache.hc.client5.http.impl.classic.ContentCompressionExec.execute(ContentCompressionExec.java:152)
	at org.apache.hc.client5.http.impl.classic.ExecChainElement.execute(ExecChainElement.java:51)
	at org.apache.hc.client5.http.impl.classic.RedirectExec.execute(RedirectExec.java:115)
	at org.apache.hc.client5.http.impl.classic.ExecChainElement.execute(ExecChainElement.java:51)
	at org.apache.hc.client5.http.impl.classic.InternalHttpClient.doExecute(InternalHttpClient.java:170)
	at org.apache.hc.client5.http.impl.classic.CloseableHttpClient.execute(CloseableHttpClient.java:87)
	at org.apache.hc.client5.http.impl.classic.CloseableHttpClient.execute(CloseableHttpClient.java:55)
	at org.apache.hc.client5.http.classic.HttpClient.executeOpen(HttpClient.java:183)
	at io.github.bonigarcia.wdm.online.HttpClient.execute(HttpClient.java:162)
	at io.github.bonigarcia.wdm.WebDriverManager.getDriversFromXml(WebDriverManager.java:1547)
	... 56 more
2026-07-15 13:34:54 ERROR Create_jobtitle_Step_def:21 - java.lang.IllegalArgumentException: Input must be set
2026-07-15 13:34:54 ERROR Create_jobtitle_Step_def:32 - java.lang.IllegalArgumentException: Input must be set
2026-07-15 13:34:54 ERROR Create_jobtitle_Step_def:42 - java.lang.IllegalArgumentException: Input must be set
2026-07-15 13:34:54 ERROR Create_jobtitle_Step_def:52 - java.lang.IllegalArgumentException: Input must be set
2026-07-15 13:34:54 ERROR Create_jobtitle_Step_def:62 - java.lang.IllegalArgumentException: Input must be set
2026-07-15 13:34:54 ERROR Create_jobtitle_Step_def:74 - java.lang.IllegalArgumentException: Input must be set
2026-07-15 13:34:54 ERROR Create_jobtitle_Step_def:84 - java.lang.IllegalArgumentException: Input must be set
2026-07-15 13:34:54 ERROR Create_jobtitle_Step_def:94 - java.lang.IllegalArgumentException: Input must be set
2026-07-15 13:34:54 INFO  Common_Step_definition:29 - Execution Started
2026-07-15 13:34:54 INFO  Common_Step_definition:32 - Instantiated the commonUtils
2026-07-15 13:34:54 INFO  Common_Step_definition:35 - loading the config properties file
2026-07-15 13:34:54 INFO  Common_Step_definition:38 - Checking the Driver is Null or Not?
2026-07-15 13:34:54 INFO  Common_Step_definition:40 - Driver is Null. Instatiating it!
2026-07-15 13:34:55 INFO  DriverManager:30 - Launchingchrome
2026-07-15 13:34:55 INFO  DriverManager:39 - CHROME_BINARY_PATH provided in config: C:\Program Files\Google\Chrome\Application\chrome.exe
2026-07-15 13:34:56 INFO  DriverManager:133 - Found Edge binary at: C:\Program Files (x86)\Microsoft\Edge\Application\msedge.exe
2026-07-15 13:34:56 WARN  DriverManager:158 - Chrome binary not found; falling back to Edge because Edge was detected at: C:\Program Files (x86)\Microsoft\Edge\Application\msedge.exe
2026-07-15 13:34:56 ERROR DriverManager:165 - Failed to launch Edge fallback after Chrome was not found: io.github.bonigarcia.wdm.config.WebDriverManagerException: java.net.UnknownHostException: msedgedriver.azureedge.net
io.github.bonigarcia.wdm.config.WebDriverManagerException: io.github.bonigarcia.wdm.config.WebDriverManagerException: java.net.UnknownHostException: msedgedriver.azureedge.net
	at io.github.bonigarcia.wdm.WebDriverManager.handleException(WebDriverManager.java:1409)
	at io.github.bonigarcia.wdm.WebDriverManager.manage(WebDriverManager.java:1183)
	at io.github.bonigarcia.wdm.WebDriverManager.fallback(WebDriverManager.java:1425)
	at io.github.bonigarcia.wdm.WebDriverManager.handleException(WebDriverManager.java:1406)
	at io.github.bonigarcia.wdm.WebDriverManager.manage(WebDriverManager.java:1183)
	at io.github.bonigarcia.wdm.WebDriverManager.handleException(WebDriverManager.java:1399)
	at io.github.bonigarcia.wdm.WebDriverManager.manage(WebDriverManager.java:1183)
	at io.github.bonigarcia.wdm.WebDriverManager.setup(WebDriverManager.java:425)
	at orangeHRM_Webdriver_Manager.DriverManager.launchbrowser(DriverManager.java:160)
	at stepdefinitions.Common_Step_definition.setup(Common_Step_definition.java:41)
	at java.base/jdk.internal.reflect.DirectMethodHandleAccessor.invoke(DirectMethodHandleAccessor.java:103)
	at java.base/java.lang.reflect.Method.invoke(Method.java:580)
	at io.cucumber.java.Invoker.doInvoke(Invoker.java:66)
	at io.cucumber.java.Invoker.invoke(Invoker.java:24)
	at io.cucumber.java.AbstractGlueDefinition.invokeMethod(AbstractGlueDefinition.java:47)
	at io.cucumber.java.JavaHookDefinition.execute(JavaHookDefinition.java:64)
	at io.cucumber.core.runner.CoreHookDefinition.execute(CoreHookDefinition.java:46)
	at io.cucumber.core.runner.HookDefinitionMatch.runStep(HookDefinitionMatch.java:21)
	at io.cucumber.core.runner.ExecutionMode$1.execute(ExecutionMode.java:10)
	at io.cucumber.core.runner.TestStep.executeStep(TestStep.java:84)
	at io.cucumber.core.runner.TestStep.run(TestStep.java:56)
	at io.cucumber.core.runner.TestCase.run(TestCase.java:78)
	at io.cucumber.core.runner.Runner.runPickle(Runner.java:75)
	at io.cucumber.testng.TestNGCucumberRunner.lambda$runScenario$1(TestNGCucumberRunner.java:132)
	at io.cucumber.core.runtime.CucumberExecutionContext.lambda$runTestCase$5(CucumberExecutionContext.java:137)
	at io.cucumber.core.runtime.RethrowingThrowableCollector.executeAndThrow(RethrowingThrowableCollector.java:23)
	at io.cucumber.core.runtime.CucumberExecutionContext.runTestCase(CucumberExecutionContext.java:137)
	at io.cucumber.testng.TestNGCucumberRunner.runScenario(TestNGCucumberRunner.java:129)
	at io.cucumber.testng.AbstractTestNGCucumberTests.runScenario(AbstractTestNGCucumberTests.java:35)
	at java.base/jdk.internal.reflect.DirectMethodHandleAccessor.invoke(DirectMethodHandleAccessor.java:103)
	at java.base/java.lang.reflect.Method.invoke(Method.java:580)
	at org.testng.internal.invokers.MethodInvocationHelper.invokeMethod(MethodInvocationHelper.java:139)
	at org.testng.internal.invokers.TestInvoker.invokeMethod(TestInvoker.java:664)
	at org.testng.internal.invokers.TestInvoker.invokeTestMethod(TestInvoker.java:227)
	at org.testng.internal.invokers.MethodRunner.runInSequence(MethodRunner.java:50)
	at org.testng.internal.invokers.TestInvoker$MethodInvocationAgent.invoke(TestInvoker.java:957)
	at org.testng.internal.invokers.TestInvoker.invokeTestMethods(TestInvoker.java:200)
	at org.testng.internal.invokers.TestMethodWorker.invokeTestMethods(TestMethodWorker.java:148)
	at org.testng.internal.invokers.TestMethodWorker.run(TestMethodWorker.java:128)
	at java.base/java.util.ArrayList.forEach(ArrayList.java:1596)
	at org.testng.TestRunner.privateRun(TestRunner.java:848)
	at org.testng.TestRunner.run(TestRunner.java:621)
	at org.testng.SuiteRunner.runTest(SuiteRunner.java:443)
	at org.testng.SuiteRunner.runSequentially(SuiteRunner.java:437)
	at org.testng.SuiteRunner.privateRun(SuiteRunner.java:397)
	at org.testng.SuiteRunner.run(SuiteRunner.java:336)
	at org.testng.SuiteRunnerWorker.runSuite(SuiteRunnerWorker.java:52)
	at org.testng.SuiteRunnerWorker.run(SuiteRunnerWorker.java:95)
	at org.testng.TestNG.runSuitesSequentially(TestNG.java:1280)
	at org.testng.TestNG.runSuitesLocally(TestNG.java:1200)
	at org.testng.TestNG.runSuites(TestNG.java:1114)
	at org.testng.TestNG.run(TestNG.java:1082)
	at com.intellij.rt.testng.IDEARemoteTestNG.run(IDEARemoteTestNG.java:65)
	at com.intellij.rt.testng.RemoteTestNGStarter.main(RemoteTestNGStarter.java:109)
Caused by: io.github.bonigarcia.wdm.config.WebDriverManagerException: java.net.UnknownHostException: msedgedriver.azureedge.net
	at io.github.bonigarcia.wdm.WebDriverManager.getDriversFromXml(WebDriverManager.java:1562)
	at io.github.bonigarcia.wdm.managers.EdgeDriverManager.getDriverUrls(EdgeDriverManager.java:115)
	at io.github.bonigarcia.wdm.WebDriverManager.createUrlHandler(WebDriverManager.java:1430)
	at io.github.bonigarcia.wdm.WebDriverManager.download(WebDriverManager.java:1258)
	at io.github.bonigarcia.wdm.WebDriverManager.manage(WebDriverManager.java:1177)
	... 52 more
Caused by: java.net.UnknownHostException: msedgedriver.azureedge.net
	at java.base/java.net.InetAddress$CachedLookup.get(InetAddress.java:988)
	at java.base/java.net.InetAddress.getAllByName0(InetAddress.java:1818)
	at java.base/java.net.InetAddress.getAllByName(InetAddress.java:1688)
	at org.apache.hc.client5.http.SystemDefaultDnsResolver.resolve(SystemDefaultDnsResolver.java:43)
	at org.apache.hc.client5.http.impl.io.DefaultHttpClientConnectionOperator.connect(DefaultHttpClientConnectionOperator.java:141)
	at org.apache.hc.client5.http.impl.io.PoolingHttpClientConnectionManager.connect(PoolingHttpClientConnectionManager.java:447)
	at org.apache.hc.client5.http.impl.classic.InternalExecRuntime.connectEndpoint(InternalExecRuntime.java:162)
	at org.apache.hc.client5.http.impl.classic.InternalExecRuntime.connectEndpoint(InternalExecRuntime.java:172)
	at org.apache.hc.client5.http.impl.classic.ConnectExec.execute(ConnectExec.java:142)
	at org.apache.hc.client5.http.impl.classic.ExecChainElement.execute(ExecChainElement.java:51)
	at org.apache.hc.client5.http.impl.classic.ProtocolExec.execute(ProtocolExec.java:192)
	at org.apache.hc.client5.http.impl.classic.ExecChainElement.execute(ExecChainElement.java:51)
	at org.apache.hc.client5.http.impl.classic.HttpRequestRetryExec.execute(HttpRequestRetryExec.java:96)
	at org.apache.hc.client5.http.impl.classic.ExecChainElement.execute(ExecChainElement.java:51)
	at org.apache.hc.client5.http.impl.classic.ContentCompressionExec.execute(ContentCompressionExec.java:152)
	at org.apache.hc.client5.http.impl.classic.ExecChainElement.execute(ExecChainElement.java:51)
	at org.apache.hc.client5.http.impl.classic.RedirectExec.execute(RedirectExec.java:115)
	at org.apache.hc.client5.http.impl.classic.ExecChainElement.execute(ExecChainElement.java:51)
	at org.apache.hc.client5.http.impl.classic.InternalHttpClient.doExecute(InternalHttpClient.java:170)
	at org.apache.hc.client5.http.impl.classic.CloseableHttpClient.execute(CloseableHttpClient.java:87)
	at org.apache.hc.client5.http.impl.classic.CloseableHttpClient.execute(CloseableHttpClient.java:55)
	at org.apache.hc.client5.http.classic.HttpClient.executeOpen(HttpClient.java:183)
	at io.github.bonigarcia.wdm.online.HttpClient.execute(HttpClient.java:162)
	at io.github.bonigarcia.wdm.WebDriverManager.getDriversFromXml(WebDriverManager.java:1547)
	... 56 more
2026-07-15 13:34:56 ERROR VerifyCEOName_Step_Def:34 - java.lang.NullPointerException: Cannot invoke "org.openqa.selenium.WebDriver.getCurrentUrl()" because the return value of "orangeHRM_Webdriver_Manager.DriverManager.getDriver()" is null
2026-07-15 13:34:56 ERROR VerifyCEOName_Step_Def:69 - java.lang.IllegalArgumentException: Input must be set
2026-07-15 13:34:56 ERROR VerifyCEOName_Step_Def:108 - java.lang.IllegalArgumentException: Input must be set
2026-07-15 13:34:56 ERROR VerifyCEOName_Step_Def:120 - java.lang.IllegalArgumentException: Input must be set
2026-07-15 13:34:56 INFO  Common_Step_definition:29 - Execution Started
2026-07-15 13:34:56 INFO  Common_Step_definition:32 - Instantiated the commonUtils
2026-07-15 13:34:56 INFO  Common_Step_definition:35 - loading the config properties file
2026-07-15 13:34:56 INFO  Common_Step_definition:38 - Checking the Driver is Null or Not?
2026-07-15 13:34:56 INFO  Common_Step_definition:40 - Driver is Null. Instatiating it!
2026-07-15 13:34:58 INFO  DriverManager:30 - Launchingchrome
2026-07-15 13:34:58 INFO  DriverManager:39 - CHROME_BINARY_PATH provided in config: C:\Program Files\Google\Chrome\Application\chrome.exe
2026-07-15 13:34:58 INFO  DriverManager:133 - Found Edge binary at: C:\Program Files (x86)\Microsoft\Edge\Application\msedge.exe
2026-07-15 13:34:58 WARN  DriverManager:158 - Chrome binary not found; falling back to Edge because Edge was detected at: C:\Program Files (x86)\Microsoft\Edge\Application\msedge.exe
2026-07-15 13:34:58 ERROR DriverManager:165 - Failed to launch Edge fallback after Chrome was not found: io.github.bonigarcia.wdm.config.WebDriverManagerException: java.net.UnknownHostException: msedgedriver.azureedge.net
io.github.bonigarcia.wdm.config.WebDriverManagerException: io.github.bonigarcia.wdm.config.WebDriverManagerException: java.net.UnknownHostException: msedgedriver.azureedge.net
	at io.github.bonigarcia.wdm.WebDriverManager.handleException(WebDriverManager.java:1409)
	at io.github.bonigarcia.wdm.WebDriverManager.manage(WebDriverManager.java:1183)
	at io.github.bonigarcia.wdm.WebDriverManager.fallback(WebDriverManager.java:1425)
	at io.github.bonigarcia.wdm.WebDriverManager.handleException(WebDriverManager.java:1406)
	at io.github.bonigarcia.wdm.WebDriverManager.manage(WebDriverManager.java:1183)
	at io.github.bonigarcia.wdm.WebDriverManager.handleException(WebDriverManager.java:1399)
	at io.github.bonigarcia.wdm.WebDriverManager.manage(WebDriverManager.java:1183)
	at io.github.bonigarcia.wdm.WebDriverManager.setup(WebDriverManager.java:425)
	at orangeHRM_Webdriver_Manager.DriverManager.launchbrowser(DriverManager.java:160)
	at stepdefinitions.Common_Step_definition.setup(Common_Step_definition.java:41)
	at java.base/jdk.internal.reflect.DirectMethodHandleAccessor.invoke(DirectMethodHandleAccessor.java:103)
	at java.base/java.lang.reflect.Method.invoke(Method.java:580)
	at io.cucumber.java.Invoker.doInvoke(Invoker.java:66)
	at io.cucumber.java.Invoker.invoke(Invoker.java:24)
	at io.cucumber.java.AbstractGlueDefinition.invokeMethod(AbstractGlueDefinition.java:47)
	at io.cucumber.java.JavaHookDefinition.execute(JavaHookDefinition.java:64)
	at io.cucumber.core.runner.CoreHookDefinition.execute(CoreHookDefinition.java:46)
	at io.cucumber.core.runner.HookDefinitionMatch.runStep(HookDefinitionMatch.java:21)
	at io.cucumber.core.runner.ExecutionMode$1.execute(ExecutionMode.java:10)
	at io.cucumber.core.runner.TestStep.executeStep(TestStep.java:84)
	at io.cucumber.core.runner.TestStep.run(TestStep.java:56)
	at io.cucumber.core.runner.TestCase.run(TestCase.java:78)
	at io.cucumber.core.runner.Runner.runPickle(Runner.java:75)
	at io.cucumber.testng.TestNGCucumberRunner.lambda$runScenario$1(TestNGCucumberRunner.java:132)
	at io.cucumber.core.runtime.CucumberExecutionContext.lambda$runTestCase$5(CucumberExecutionContext.java:137)
	at io.cucumber.core.runtime.RethrowingThrowableCollector.executeAndThrow(RethrowingThrowableCollector.java:23)
	at io.cucumber.core.runtime.CucumberExecutionContext.runTestCase(CucumberExecutionContext.java:137)
	at io.cucumber.testng.TestNGCucumberRunner.runScenario(TestNGCucumberRunner.java:129)
	at io.cucumber.testng.AbstractTestNGCucumberTests.runScenario(AbstractTestNGCucumberTests.java:35)
	at java.base/jdk.internal.reflect.DirectMethodHandleAccessor.invoke(DirectMethodHandleAccessor.java:103)
	at java.base/java.lang.reflect.Method.invoke(Method.java:580)
	at org.testng.internal.invokers.MethodInvocationHelper.invokeMethod(MethodInvocationHelper.java:139)
	at org.testng.internal.invokers.TestInvoker.invokeMethod(TestInvoker.java:664)
	at org.testng.internal.invokers.TestInvoker.invokeTestMethod(TestInvoker.java:227)
	at org.testng.internal.invokers.MethodRunner.runInSequence(MethodRunner.java:50)
	at org.testng.internal.invokers.TestInvoker$MethodInvocationAgent.invoke(TestInvoker.java:957)
	at org.testng.internal.invokers.TestInvoker.invokeTestMethods(TestInvoker.java:200)
	at org.testng.internal.invokers.TestMethodWorker.invokeTestMethods(TestMethodWorker.java:148)
	at org.testng.internal.invokers.TestMethodWorker.run(TestMethodWorker.java:128)
	at java.base/java.util.ArrayList.forEach(ArrayList.java:1596)
	at org.testng.TestRunner.privateRun(TestRunner.java:848)
	at org.testng.TestRunner.run(TestRunner.java:621)
	at org.testng.SuiteRunner.runTest(SuiteRunner.java:443)
	at org.testng.SuiteRunner.runSequentially(SuiteRunner.java:437)
	at org.testng.SuiteRunner.privateRun(SuiteRunner.java:397)
	at org.testng.SuiteRunner.run(SuiteRunner.java:336)
	at org.testng.SuiteRunnerWorker.runSuite(SuiteRunnerWorker.java:52)
	at org.testng.SuiteRunnerWorker.run(SuiteRunnerWorker.java:95)
	at org.testng.TestNG.runSuitesSequentially(TestNG.java:1280)
	at org.testng.TestNG.runSuitesLocally(TestNG.java:1200)
	at org.testng.TestNG.runSuites(TestNG.java:1114)
	at org.testng.TestNG.run(TestNG.java:1082)
	at com.intellij.rt.testng.IDEARemoteTestNG.run(IDEARemoteTestNG.java:65)
	at com.intellij.rt.testng.RemoteTestNGStarter.main(RemoteTestNGStarter.java:109)
Caused by: io.github.bonigarcia.wdm.config.WebDriverManagerException: java.net.UnknownHostException: msedgedriver.azureedge.net
	at io.github.bonigarcia.wdm.WebDriverManager.getDriversFromXml(WebDriverManager.java:1562)
	at io.github.bonigarcia.wdm.managers.EdgeDriverManager.getDriverUrls(EdgeDriverManager.java:115)
	at io.github.bonigarcia.wdm.WebDriverManager.createUrlHandler(WebDriverManager.java:1430)
	at io.github.bonigarcia.wdm.WebDriverManager.download(WebDriverManager.java:1258)
	at io.github.bonigarcia.wdm.WebDriverManager.manage(WebDriverManager.java:1177)
	... 52 more
Caused by: java.net.UnknownHostException: msedgedriver.azureedge.net
	at java.base/java.net.InetAddress$CachedLookup.get(InetAddress.java:988)
	at java.base/java.net.InetAddress.getAllByName0(InetAddress.java:1818)
	at java.base/java.net.InetAddress.getAllByName(InetAddress.java:1688)
	at org.apache.hc.client5.http.SystemDefaultDnsResolver.resolve(SystemDefaultDnsResolver.java:43)
	at org.apache.hc.client5.http.impl.io.DefaultHttpClientConnectionOperator.connect(DefaultHttpClientConnectionOperator.java:141)
	at org.apache.hc.client5.http.impl.io.PoolingHttpClientConnectionManager.connect(PoolingHttpClientConnectionManager.java:447)
	at org.apache.hc.client5.http.impl.classic.InternalExecRuntime.connectEndpoint(InternalExecRuntime.java:162)
	at org.apache.hc.client5.http.impl.classic.InternalExecRuntime.connectEndpoint(InternalExecRuntime.java:172)
	at org.apache.hc.client5.http.impl.classic.ConnectExec.execute(ConnectExec.java:142)
	at org.apache.hc.client5.http.impl.classic.ExecChainElement.execute(ExecChainElement.java:51)
	at org.apache.hc.client5.http.impl.classic.ProtocolExec.execute(ProtocolExec.java:192)
	at org.apache.hc.client5.http.impl.classic.ExecChainElement.execute(ExecChainElement.java:51)
	at org.apache.hc.client5.http.impl.classic.HttpRequestRetryExec.execute(HttpRequestRetryExec.java:96)
	at org.apache.hc.client5.http.impl.classic.ExecChainElement.execute(ExecChainElement.java:51)
	at org.apache.hc.client5.http.impl.classic.ContentCompressionExec.execute(ContentCompressionExec.java:152)
	at org.apache.hc.client5.http.impl.classic.ExecChainElement.execute(ExecChainElement.java:51)
	at org.apache.hc.client5.http.impl.classic.RedirectExec.execute(RedirectExec.java:115)
	at org.apache.hc.client5.http.impl.classic.ExecChainElement.execute(ExecChainElement.java:51)
	at org.apache.hc.client5.http.impl.classic.InternalHttpClient.doExecute(InternalHttpClient.java:170)
	at org.apache.hc.client5.http.impl.classic.CloseableHttpClient.execute(CloseableHttpClient.java:87)
	at org.apache.hc.client5.http.impl.classic.CloseableHttpClient.execute(CloseableHttpClient.java:55)
	at org.apache.hc.client5.http.classic.HttpClient.executeOpen(HttpClient.java:183)
	at io.github.bonigarcia.wdm.online.HttpClient.execute(HttpClient.java:162)
	at io.github.bonigarcia.wdm.WebDriverManager.getDriversFromXml(WebDriverManager.java:1547)
	... 56 more
2026-07-15 13:34:58 ERROR Verify_Pending_Timesheets_Step_def:22 - java.lang.NullPointerException: Cannot invoke "org.openqa.selenium.WebDriver.getCurrentUrl()" because the return value of "orangeHRM_Webdriver_Manager.DriverManager.getDriver()" is null
2026-07-15 13:34:58 ERROR Verify_Pending_Timesheets_Step_def:33 - java.lang.IllegalArgumentException: Input must be set
2026-07-15 13:34:58 ERROR Verify_Pending_Timesheets_Step_def:45 - java.lang.NullPointerException: Cannot invoke "org.openqa.selenium.WebElement.sendKeys(java.lang.CharSequence[])" because "this.ENTEREMPOLYEENAME" is null
2026-07-15 13:34:58 ERROR Verify_Pending_Timesheets_Step_def:56 - java.lang.NullPointerException: Cannot invoke "org.openqa.selenium.WebElement.getText()" because "this.NAME" is null
2026-07-15 13:49:45 INFO  Common_Step_definition:29 - Execution Started
2026-07-15 13:49:45 INFO  Common_Step_definition:32 - Instantiated the commonUtils
2026-07-15 13:49:45 INFO  Common_Step_definition:35 - loading the config properties file
2026-07-15 13:49:45 INFO  Common_Step_definition:38 - Checking the Driver is Null or Not?
2026-07-15 13:49:45 INFO  Common_Step_definition:40 - Driver is Null. Instatiating it!
2026-07-15 13:49:45 INFO  DriverManager:29 - Launchingchrome
2026-07-15 13:49:45 INFO  DriverManager:40 - Using local ChromeDriver from config: C:\Users\Lakshmanan\IdeaProjects\OrangeHRM\Drivers\Chromedriver\chromedriver.exe
2026-07-15 13:49:45 INFO  DriverManager:69 - Found Chrome binary at: C:\Chromedriver\chromedriver-win64
2026-07-15 13:49:45 INFO  DriverManager:78 - Using Chrome binary: C:\Chromedriver\chromedriver-win64
2026-07-15 13:49:48 ERROR DriverManager:132 - Failed to initialize WebDriver: Could not start a new session. Response code 500. Message: session not created: Failed to create Chrome process. 
Host info: host: 'DESKTOP-V0D06AI', ip: '10.213.47.73'
Build info: version: '4.9.1', revision: 'eb2032df7f'
System info: os.name: 'Windows 10', os.arch: 'amd64', os.version: '10.0', java.version: '21.0.3'
Driver info: org.openqa.selenium.chrome.ChromeDriver
Command: [null, newSession {capabilities=[Capabilities {browserName: chrome, goog:chromeOptions: {args: [--remote-allow-origins=*], binary: C:\Chromedriver\chromedrive..., extensions: []}}]}]
org.openqa.selenium.SessionNotCreatedException: Could not start a new session. Response code 500. Message: session not created: Failed to create Chrome process. 
Host info: host: 'DESKTOP-V0D06AI', ip: '10.213.47.73'
Build info: version: '4.9.1', revision: 'eb2032df7f'
System info: os.name: 'Windows 10', os.arch: 'amd64', os.version: '10.0', java.version: '21.0.3'
Driver info: org.openqa.selenium.chrome.ChromeDriver
Command: [null, newSession {capabilities=[Capabilities {browserName: chrome, goog:chromeOptions: {args: [--remote-allow-origins=*], binary: C:\Chromedriver\chromedrive..., extensions: []}}]}]
	at org.openqa.selenium.remote.ProtocolHandshake.createSession(ProtocolHandshake.java:136)
	at org.openqa.selenium.remote.ProtocolHandshake.createSession(ProtocolHandshake.java:94)
	at org.openqa.selenium.remote.ProtocolHandshake.createSession(ProtocolHandshake.java:68)
	at org.openqa.selenium.remote.HttpCommandExecutor.execute(HttpCommandExecutor.java:165)
	at org.openqa.selenium.remote.service.DriverCommandExecutor.invokeExecute(DriverCommandExecutor.java:183)
	at org.openqa.selenium.remote.service.DriverCommandExecutor.execute(DriverCommandExecutor.java:158)
	at org.openqa.selenium.remote.RemoteWebDriver.execute(RemoteWebDriver.java:543)
	at org.openqa.selenium.remote.RemoteWebDriver.startSession(RemoteWebDriver.java:229)
	at org.openqa.selenium.remote.RemoteWebDriver.<init>(RemoteWebDriver.java:157)
	at org.openqa.selenium.chromium.ChromiumDriver.<init>(ChromiumDriver.java:101)
	at org.openqa.selenium.chrome.ChromeDriver.<init>(ChromeDriver.java:88)
	at org.openqa.selenium.chrome.ChromeDriver.<init>(ChromeDriver.java:84)
	at org.openqa.selenium.chrome.ChromeDriver.<init>(ChromeDriver.java:73)
	at orangeHRM_Webdriver_Manager.DriverManager.launchbrowser(DriverManager.java:111)
	at stepdefinitions.Common_Step_definition.setup(Common_Step_definition.java:41)
	at java.base/jdk.internal.reflect.DirectMethodHandleAccessor.invoke(DirectMethodHandleAccessor.java:103)
	at java.base/java.lang.reflect.Method.invoke(Method.java:580)
	at io.cucumber.java.Invoker.doInvoke(Invoker.java:66)
	at io.cucumber.java.Invoker.invoke(Invoker.java:24)
	at io.cucumber.java.AbstractGlueDefinition.invokeMethod(AbstractGlueDefinition.java:47)
	at io.cucumber.java.JavaHookDefinition.execute(JavaHookDefinition.java:64)
	at io.cucumber.core.runner.CoreHookDefinition.execute(CoreHookDefinition.java:46)
	at io.cucumber.core.runner.HookDefinitionMatch.runStep(HookDefinitionMatch.java:21)
	at io.cucumber.core.runner.ExecutionMode$1.execute(ExecutionMode.java:10)
	at io.cucumber.core.runner.TestStep.executeStep(TestStep.java:84)
	at io.cucumber.core.runner.TestStep.run(TestStep.java:56)
	at io.cucumber.core.runner.TestCase.run(TestCase.java:78)
	at io.cucumber.core.runner.Runner.runPickle(Runner.java:75)
	at io.cucumber.testng.TestNGCucumberRunner.lambda$runScenario$1(TestNGCucumberRunner.java:132)
	at io.cucumber.core.runtime.CucumberExecutionContext.lambda$runTestCase$5(CucumberExecutionContext.java:137)
	at io.cucumber.core.runtime.RethrowingThrowableCollector.executeAndThrow(RethrowingThrowableCollector.java:23)
	at io.cucumber.core.runtime.CucumberExecutionContext.runTestCase(CucumberExecutionContext.java:137)
	at io.cucumber.testng.TestNGCucumberRunner.runScenario(TestNGCucumberRunner.java:129)
	at io.cucumber.testng.AbstractTestNGCucumberTests.runScenario(AbstractTestNGCucumberTests.java:35)
	at java.base/jdk.internal.reflect.DirectMethodHandleAccessor.invoke(DirectMethodHandleAccessor.java:103)
	at java.base/java.lang.reflect.Method.invoke(Method.java:580)
	at org.testng.internal.invokers.MethodInvocationHelper.invokeMethod(MethodInvocationHelper.java:139)
	at org.testng.internal.invokers.TestInvoker.invokeMethod(TestInvoker.java:664)
	at org.testng.internal.invokers.TestInvoker.invokeTestMethod(TestInvoker.java:227)
	at org.testng.internal.invokers.MethodRunner.runInSequence(MethodRunner.java:50)
	at org.testng.internal.invokers.TestInvoker$MethodInvocationAgent.invoke(TestInvoker.java:957)
	at org.testng.internal.invokers.TestInvoker.invokeTestMethods(TestInvoker.java:200)
	at org.testng.internal.invokers.TestMethodWorker.invokeTestMethods(TestMethodWorker.java:148)
	at org.testng.internal.invokers.TestMethodWorker.run(TestMethodWorker.java:128)
	at java.base/java.util.ArrayList.forEach(ArrayList.java:1596)
	at org.testng.TestRunner.privateRun(TestRunner.java:848)
	at org.testng.TestRunner.run(TestRunner.java:621)
	at org.testng.SuiteRunner.runTest(SuiteRunner.java:443)
	at org.testng.SuiteRunner.runSequentially(SuiteRunner.java:437)
	at org.testng.SuiteRunner.privateRun(SuiteRunner.java:397)
	at org.testng.SuiteRunner.run(SuiteRunner.java:336)
	at org.testng.SuiteRunnerWorker.runSuite(SuiteRunnerWorker.java:52)
	at org.testng.SuiteRunnerWorker.run(SuiteRunnerWorker.java:95)
	at org.testng.TestNG.runSuitesSequentially(TestNG.java:1280)
	at org.testng.TestNG.runSuitesLocally(TestNG.java:1200)
	at org.testng.TestNG.runSuites(TestNG.java:1114)
	at org.testng.TestNG.run(TestNG.java:1082)
	at com.intellij.rt.testng.IDEARemoteTestNG.run(IDEARemoteTestNG.java:65)
	at com.intellij.rt.testng.RemoteTestNGStarter.main(RemoteTestNGStarter.java:109)
2026-07-15 13:49:48 ERROR Verify_UserManagement_Step_def:19 - java.lang.IllegalArgumentException: Input must be set
2026-07-15 13:49:48 ERROR Verify_UserManagement_Step_def:29 - java.lang.IllegalArgumentException: Input must be set
2026-07-15 13:49:48 ERROR Verify_UserManagement_Step_def:39 - java.lang.IllegalArgumentException: Input must be set
2026-07-15 13:49:48 ERROR Verify_UserManagement_Step_def:48 - java.lang.IllegalArgumentException: Input must be set
2026-07-15 13:49:48 ERROR Verify_UserManagement_Step_def:57 - java.lang.IllegalArgumentException: Input must be set
2026-07-15 13:49:48 ERROR Verify_UserManagement_Step_def:67 - java.lang.IllegalArgumentException: Input must be set
2026-07-15 13:49:48 INFO  Verify_UserManagement_Step_def:73 - user on the admin page
2026-07-15 13:49:49 INFO  Common_Step_definition:29 - Execution Started
2026-07-15 13:49:49 INFO  Common_Step_definition:32 - Instantiated the commonUtils
2026-07-15 13:49:49 INFO  Common_Step_definition:35 - loading the config properties file
2026-07-15 13:49:49 INFO  Common_Step_definition:38 - Checking the Driver is Null or Not?
2026-07-15 13:49:49 INFO  Common_Step_definition:40 - Driver is Null. Instatiating it!
2026-07-15 13:49:49 INFO  DriverManager:29 - Launchingchrome
2026-07-15 13:49:49 INFO  DriverManager:40 - Using local ChromeDriver from config: C:\Users\Lakshmanan\IdeaProjects\OrangeHRM\Drivers\Chromedriver\chromedriver.exe
2026-07-15 13:49:49 INFO  DriverManager:69 - Found Chrome binary at: C:\Chromedriver\chromedriver-win64
2026-07-15 13:49:49 INFO  DriverManager:78 - Using Chrome binary: C:\Chromedriver\chromedriver-win64
2026-07-15 13:49:49 ERROR DriverManager:132 - Failed to initialize WebDriver: Could not start a new session. Response code 500. Message: session not created: Failed to create Chrome process. 
Host info: host: 'DESKTOP-V0D06AI', ip: '10.213.47.73'
Build info: version: '4.9.1', revision: 'eb2032df7f'
System info: os.name: 'Windows 10', os.arch: 'amd64', os.version: '10.0', java.version: '21.0.3'
Driver info: org.openqa.selenium.chrome.ChromeDriver
Command: [null, newSession {capabilities=[Capabilities {browserName: chrome, goog:chromeOptions: {args: [--remote-allow-origins=*], binary: C:\Chromedriver\chromedrive..., extensions: []}}]}]
org.openqa.selenium.SessionNotCreatedException: Could not start a new session. Response code 500. Message: session not created: Failed to create Chrome process. 
Host info: host: 'DESKTOP-V0D06AI', ip: '10.213.47.73'
Build info: version: '4.9.1', revision: 'eb2032df7f'
System info: os.name: 'Windows 10', os.arch: 'amd64', os.version: '10.0', java.version: '21.0.3'
Driver info: org.openqa.selenium.chrome.ChromeDriver
Command: [null, newSession {capabilities=[Capabilities {browserName: chrome, goog:chromeOptions: {args: [--remote-allow-origins=*], binary: C:\Chromedriver\chromedrive..., extensions: []}}]}]
	at org.openqa.selenium.remote.ProtocolHandshake.createSession(ProtocolHandshake.java:136)
	at org.openqa.selenium.remote.ProtocolHandshake.createSession(ProtocolHandshake.java:94)
	at org.openqa.selenium.remote.ProtocolHandshake.createSession(ProtocolHandshake.java:68)
	at org.openqa.selenium.remote.HttpCommandExecutor.execute(HttpCommandExecutor.java:165)
	at org.openqa.selenium.remote.service.DriverCommandExecutor.invokeExecute(DriverCommandExecutor.java:183)
	at org.openqa.selenium.remote.service.DriverCommandExecutor.execute(DriverCommandExecutor.java:158)
	at org.openqa.selenium.remote.RemoteWebDriver.execute(RemoteWebDriver.java:543)
	at org.openqa.selenium.remote.RemoteWebDriver.startSession(RemoteWebDriver.java:229)
	at org.openqa.selenium.remote.RemoteWebDriver.<init>(RemoteWebDriver.java:157)
	at org.openqa.selenium.chromium.ChromiumDriver.<init>(ChromiumDriver.java:101)
	at org.openqa.selenium.chrome.ChromeDriver.<init>(ChromeDriver.java:88)
	at org.openqa.selenium.chrome.ChromeDriver.<init>(ChromeDriver.java:84)
	at org.openqa.selenium.chrome.ChromeDriver.<init>(ChromeDriver.java:73)
	at orangeHRM_Webdriver_Manager.DriverManager.launchbrowser(DriverManager.java:111)
	at stepdefinitions.Common_Step_definition.setup(Common_Step_definition.java:41)
	at java.base/jdk.internal.reflect.DirectMethodHandleAccessor.invoke(DirectMethodHandleAccessor.java:103)
	at java.base/java.lang.reflect.Method.invoke(Method.java:580)
	at io.cucumber.java.Invoker.doInvoke(Invoker.java:66)
	at io.cucumber.java.Invoker.invoke(Invoker.java:24)
	at io.cucumber.java.AbstractGlueDefinition.invokeMethod(AbstractGlueDefinition.java:47)
	at io.cucumber.java.JavaHookDefinition.execute(JavaHookDefinition.java:64)
	at io.cucumber.core.runner.CoreHookDefinition.execute(CoreHookDefinition.java:46)
	at io.cucumber.core.runner.HookDefinitionMatch.runStep(HookDefinitionMatch.java:21)
	at io.cucumber.core.runner.ExecutionMode$1.execute(ExecutionMode.java:10)
	at io.cucumber.core.runner.TestStep.executeStep(TestStep.java:84)
	at io.cucumber.core.runner.TestStep.run(TestStep.java:56)
	at io.cucumber.core.runner.TestCase.run(TestCase.java:78)
	at io.cucumber.core.runner.Runner.runPickle(Runner.java:75)
	at io.cucumber.testng.TestNGCucumberRunner.lambda$runScenario$1(TestNGCucumberRunner.java:132)
	at io.cucumber.core.runtime.CucumberExecutionContext.lambda$runTestCase$5(CucumberExecutionContext.java:137)
	at io.cucumber.core.runtime.RethrowingThrowableCollector.executeAndThrow(RethrowingThrowableCollector.java:23)
	at io.cucumber.core.runtime.CucumberExecutionContext.runTestCase(CucumberExecutionContext.java:137)
	at io.cucumber.testng.TestNGCucumberRunner.runScenario(TestNGCucumberRunner.java:129)
	at io.cucumber.testng.AbstractTestNGCucumberTests.runScenario(AbstractTestNGCucumberTests.java:35)
	at java.base/jdk.internal.reflect.DirectMethodHandleAccessor.invoke(DirectMethodHandleAccessor.java:103)
	at java.base/java.lang.reflect.Method.invoke(Method.java:580)
	at org.testng.internal.invokers.MethodInvocationHelper.invokeMethod(MethodInvocationHelper.java:139)
	at org.testng.internal.invokers.TestInvoker.invokeMethod(TestInvoker.java:664)
	at org.testng.internal.invokers.TestInvoker.invokeTestMethod(TestInvoker.java:227)
	at org.testng.internal.invokers.MethodRunner.runInSequence(MethodRunner.java:50)
	at org.testng.internal.invokers.TestInvoker$MethodInvocationAgent.invoke(TestInvoker.java:957)
	at org.testng.internal.invokers.TestInvoker.invokeTestMethods(TestInvoker.java:200)
	at org.testng.internal.invokers.TestMethodWorker.invokeTestMethods(TestMethodWorker.java:148)
	at org.testng.internal.invokers.TestMethodWorker.run(TestMethodWorker.java:128)
	at java.base/java.util.ArrayList.forEach(ArrayList.java:1596)
	at org.testng.TestRunner.privateRun(TestRunner.java:848)
	at org.testng.TestRunner.run(TestRunner.java:621)
	at org.testng.SuiteRunner.runTest(SuiteRunner.java:443)
	at org.testng.SuiteRunner.runSequentially(SuiteRunner.java:437)
	at org.testng.SuiteRunner.privateRun(SuiteRunner.java:397)
	at org.testng.SuiteRunner.run(SuiteRunner.java:336)
	at org.testng.SuiteRunnerWorker.runSuite(SuiteRunnerWorker.java:52)
	at org.testng.SuiteRunnerWorker.run(SuiteRunnerWorker.java:95)
	at org.testng.TestNG.runSuitesSequentially(TestNG.java:1280)
	at org.testng.TestNG.runSuitesLocally(TestNG.java:1200)
	at org.testng.TestNG.runSuites(TestNG.java:1114)
	at org.testng.TestNG.run(TestNG.java:1082)
	at com.intellij.rt.testng.IDEARemoteTestNG.run(IDEARemoteTestNG.java:65)
	at com.intellij.rt.testng.RemoteTestNGStarter.main(RemoteTestNGStarter.java:109)
2026-07-15 13:49:49 ERROR Create_jobtitle_Step_def:21 - java.lang.IllegalArgumentException: Input must be set
2026-07-15 13:49:49 ERROR Create_jobtitle_Step_def:32 - java.lang.IllegalArgumentException: Input must be set
2026-07-15 13:49:49 ERROR Create_jobtitle_Step_def:42 - java.lang.IllegalArgumentException: Input must be set
2026-07-15 13:49:49 ERROR Create_jobtitle_Step_def:52 - java.lang.IllegalArgumentException: Input must be set
2026-07-15 13:49:49 ERROR Create_jobtitle_Step_def:62 - java.lang.IllegalArgumentException: Input must be set
2026-07-15 13:49:49 ERROR Create_jobtitle_Step_def:74 - java.lang.IllegalArgumentException: Input must be set
2026-07-15 13:49:49 ERROR Create_jobtitle_Step_def:84 - java.lang.IllegalArgumentException: Input must be set
2026-07-15 13:49:49 ERROR Create_jobtitle_Step_def:94 - java.lang.IllegalArgumentException: Input must be set
2026-07-15 13:49:49 INFO  Common_Step_definition:29 - Execution Started
2026-07-15 13:49:49 INFO  Common_Step_definition:32 - Instantiated the commonUtils
2026-07-15 13:49:49 INFO  Common_Step_definition:35 - loading the config properties file
2026-07-15 13:49:49 INFO  Common_Step_definition:38 - Checking the Driver is Null or Not?
2026-07-15 13:49:49 INFO  Common_Step_definition:40 - Driver is Null. Instatiating it!
2026-07-15 13:49:49 INFO  DriverManager:29 - Launchingchrome
2026-07-15 13:49:49 INFO  DriverManager:40 - Using local ChromeDriver from config: C:\Users\Lakshmanan\IdeaProjects\OrangeHRM\Drivers\Chromedriver\chromedriver.exe
2026-07-15 13:49:49 INFO  DriverManager:69 - Found Chrome binary at: C:\Chromedriver\chromedriver-win64
2026-07-15 13:49:49 INFO  DriverManager:78 - Using Chrome binary: C:\Chromedriver\chromedriver-win64
2026-07-15 13:49:49 ERROR DriverManager:132 - Failed to initialize WebDriver: Could not start a new session. Response code 500. Message: session not created: Failed to create Chrome process. 
Host info: host: 'DESKTOP-V0D06AI', ip: '10.213.47.73'
Build info: version: '4.9.1', revision: 'eb2032df7f'
System info: os.name: 'Windows 10', os.arch: 'amd64', os.version: '10.0', java.version: '21.0.3'
Driver info: org.openqa.selenium.chrome.ChromeDriver
Command: [null, newSession {capabilities=[Capabilities {browserName: chrome, goog:chromeOptions: {args: [--remote-allow-origins=*], binary: C:\Chromedriver\chromedrive..., extensions: []}}]}]
org.openqa.selenium.SessionNotCreatedException: Could not start a new session. Response code 500. Message: session not created: Failed to create Chrome process. 
Host info: host: 'DESKTOP-V0D06AI', ip: '10.213.47.73'
Build info: version: '4.9.1', revision: 'eb2032df7f'
System info: os.name: 'Windows 10', os.arch: 'amd64', os.version: '10.0', java.version: '21.0.3'
Driver info: org.openqa.selenium.chrome.ChromeDriver
Command: [null, newSession {capabilities=[Capabilities {browserName: chrome, goog:chromeOptions: {args: [--remote-allow-origins=*], binary: C:\Chromedriver\chromedrive..., extensions: []}}]}]
	at org.openqa.selenium.remote.ProtocolHandshake.createSession(ProtocolHandshake.java:136)
	at org.openqa.selenium.remote.ProtocolHandshake.createSession(ProtocolHandshake.java:94)
	at org.openqa.selenium.remote.ProtocolHandshake.createSession(ProtocolHandshake.java:68)
	at org.openqa.selenium.remote.HttpCommandExecutor.execute(HttpCommandExecutor.java:165)
	at org.openqa.selenium.remote.service.DriverCommandExecutor.invokeExecute(DriverCommandExecutor.java:183)
	at org.openqa.selenium.remote.service.DriverCommandExecutor.execute(DriverCommandExecutor.java:158)
	at org.openqa.selenium.remote.RemoteWebDriver.execute(RemoteWebDriver.java:543)
	at org.openqa.selenium.remote.RemoteWebDriver.startSession(RemoteWebDriver.java:229)
	at org.openqa.selenium.remote.RemoteWebDriver.<init>(RemoteWebDriver.java:157)
	at org.openqa.selenium.chromium.ChromiumDriver.<init>(ChromiumDriver.java:101)
	at org.openqa.selenium.chrome.ChromeDriver.<init>(ChromeDriver.java:88)
	at org.openqa.selenium.chrome.ChromeDriver.<init>(ChromeDriver.java:84)
	at org.openqa.selenium.chrome.ChromeDriver.<init>(ChromeDriver.java:73)
	at orangeHRM_Webdriver_Manager.DriverManager.launchbrowser(DriverManager.java:111)
	at stepdefinitions.Common_Step_definition.setup(Common_Step_definition.java:41)
	at java.base/jdk.internal.reflect.DirectMethodHandleAccessor.invoke(DirectMethodHandleAccessor.java:103)
	at java.base/java.lang.reflect.Method.invoke(Method.java:580)
	at io.cucumber.java.Invoker.doInvoke(Invoker.java:66)
	at io.cucumber.java.Invoker.invoke(Invoker.java:24)
	at io.cucumber.java.AbstractGlueDefinition.invokeMethod(AbstractGlueDefinition.java:47)
	at io.cucumber.java.JavaHookDefinition.execute(JavaHookDefinition.java:64)
	at io.cucumber.core.runner.CoreHookDefinition.execute(CoreHookDefinition.java:46)
	at io.cucumber.core.runner.HookDefinitionMatch.runStep(HookDefinitionMatch.java:21)
	at io.cucumber.core.runner.ExecutionMode$1.execute(ExecutionMode.java:10)
	at io.cucumber.core.runner.TestStep.executeStep(TestStep.java:84)
	at io.cucumber.core.runner.TestStep.run(TestStep.java:56)
	at io.cucumber.core.runner.TestCase.run(TestCase.java:78)
	at io.cucumber.core.runner.Runner.runPickle(Runner.java:75)
	at io.cucumber.testng.TestNGCucumberRunner.lambda$runScenario$1(TestNGCucumberRunner.java:132)
	at io.cucumber.core.runtime.CucumberExecutionContext.lambda$runTestCase$5(CucumberExecutionContext.java:137)
	at io.cucumber.core.runtime.RethrowingThrowableCollector.executeAndThrow(RethrowingThrowableCollector.java:23)
	at io.cucumber.core.runtime.CucumberExecutionContext.runTestCase(CucumberExecutionContext.java:137)
	at io.cucumber.testng.TestNGCucumberRunner.runScenario(TestNGCucumberRunner.java:129)
	at io.cucumber.testng.AbstractTestNGCucumberTests.runScenario(AbstractTestNGCucumberTests.java:35)
	at java.base/jdk.internal.reflect.DirectMethodHandleAccessor.invoke(DirectMethodHandleAccessor.java:103)
	at java.base/java.lang.reflect.Method.invoke(Method.java:580)
	at org.testng.internal.invokers.MethodInvocationHelper.invokeMethod(MethodInvocationHelper.java:139)
	at org.testng.internal.invokers.TestInvoker.invokeMethod(TestInvoker.java:664)
	at org.testng.internal.invokers.TestInvoker.invokeTestMethod(TestInvoker.java:227)
	at org.testng.internal.invokers.MethodRunner.runInSequence(MethodRunner.java:50)
	at org.testng.internal.invokers.TestInvoker$MethodInvocationAgent.invoke(TestInvoker.java:957)
	at org.testng.internal.invokers.TestInvoker.invokeTestMethods(TestInvoker.java:200)
	at org.testng.internal.invokers.TestMethodWorker.invokeTestMethods(TestMethodWorker.java:148)
	at org.testng.internal.invokers.TestMethodWorker.run(TestMethodWorker.java:128)
	at java.base/java.util.ArrayList.forEach(ArrayList.java:1596)
	at org.testng.TestRunner.privateRun(TestRunner.java:848)
	at org.testng.TestRunner.run(TestRunner.java:621)
	at org.testng.SuiteRunner.runTest(SuiteRunner.java:443)
	at org.testng.SuiteRunner.runSequentially(SuiteRunner.java:437)
	at org.testng.SuiteRunner.privateRun(SuiteRunner.java:397)
	at org.testng.SuiteRunner.run(SuiteRunner.java:336)
	at org.testng.SuiteRunnerWorker.runSuite(SuiteRunnerWorker.java:52)
	at org.testng.SuiteRunnerWorker.run(SuiteRunnerWorker.java:95)
	at org.testng.TestNG.runSuitesSequentially(TestNG.java:1280)
	at org.testng.TestNG.runSuitesLocally(TestNG.java:1200)
	at org.testng.TestNG.runSuites(TestNG.java:1114)
	at org.testng.TestNG.run(TestNG.java:1082)
	at com.intellij.rt.testng.IDEARemoteTestNG.run(IDEARemoteTestNG.java:65)
	at com.intellij.rt.testng.RemoteTestNGStarter.main(RemoteTestNGStarter.java:109)
2026-07-15 13:49:49 ERROR VerifyCEOName_Step_Def:34 - java.lang.NullPointerException: Cannot invoke "org.openqa.selenium.WebDriver.getCurrentUrl()" because the return value of "orangeHRM_Webdriver_Manager.DriverManager.getDriver()" is null
2026-07-15 13:49:49 ERROR VerifyCEOName_Step_Def:69 - java.lang.IllegalArgumentException: Input must be set
2026-07-15 13:49:49 ERROR VerifyCEOName_Step_Def:108 - java.lang.IllegalArgumentException: Input must be set
2026-07-15 13:49:49 ERROR VerifyCEOName_Step_Def:120 - java.lang.IllegalArgumentException: Input must be set
2026-07-15 13:49:49 INFO  Common_Step_definition:29 - Execution Started
2026-07-15 13:49:49 INFO  Common_Step_definition:32 - Instantiated the commonUtils
2026-07-15 13:49:49 INFO  Common_Step_definition:35 - loading the config properties file
2026-07-15 13:49:49 INFO  Common_Step_definition:38 - Checking the Driver is Null or Not?
2026-07-15 13:49:49 INFO  Common_Step_definition:40 - Driver is Null. Instatiating it!
2026-07-15 13:49:49 INFO  DriverManager:29 - Launchingchrome
2026-07-15 13:49:49 INFO  DriverManager:40 - Using local ChromeDriver from config: C:\Users\Lakshmanan\IdeaProjects\OrangeHRM\Drivers\Chromedriver\chromedriver.exe
2026-07-15 13:49:49 INFO  DriverManager:69 - Found Chrome binary at: C:\Chromedriver\chromedriver-win64
2026-07-15 13:49:49 INFO  DriverManager:78 - Using Chrome binary: C:\Chromedriver\chromedriver-win64
2026-07-15 13:49:49 ERROR DriverManager:132 - Failed to initialize WebDriver: Could not start a new session. Response code 500. Message: session not created: Failed to create Chrome process. 
Host info: host: 'DESKTOP-V0D06AI', ip: '10.213.47.73'
Build info: version: '4.9.1', revision: 'eb2032df7f'
System info: os.name: 'Windows 10', os.arch: 'amd64', os.version: '10.0', java.version: '21.0.3'
Driver info: org.openqa.selenium.chrome.ChromeDriver
Command: [null, newSession {capabilities=[Capabilities {browserName: chrome, goog:chromeOptions: {args: [--remote-allow-origins=*], binary: C:\Chromedriver\chromedrive..., extensions: []}}]}]
org.openqa.selenium.SessionNotCreatedException: Could not start a new session. Response code 500. Message: session not created: Failed to create Chrome process. 
Host info: host: 'DESKTOP-V0D06AI', ip: '10.213.47.73'
Build info: version: '4.9.1', revision: 'eb2032df7f'
System info: os.name: 'Windows 10', os.arch: 'amd64', os.version: '10.0', java.version: '21.0.3'
Driver info: org.openqa.selenium.chrome.ChromeDriver
Command: [null, newSession {capabilities=[Capabilities {browserName: chrome, goog:chromeOptions: {args: [--remote-allow-origins=*], binary: C:\Chromedriver\chromedrive..., extensions: []}}]}]
	at org.openqa.selenium.remote.ProtocolHandshake.createSession(ProtocolHandshake.java:136)
	at org.openqa.selenium.remote.ProtocolHandshake.createSession(ProtocolHandshake.java:94)
	at org.openqa.selenium.remote.ProtocolHandshake.createSession(ProtocolHandshake.java:68)
	at org.openqa.selenium.remote.HttpCommandExecutor.execute(HttpCommandExecutor.java:165)
	at org.openqa.selenium.remote.service.DriverCommandExecutor.invokeExecute(DriverCommandExecutor.java:183)
	at org.openqa.selenium.remote.service.DriverCommandExecutor.execute(DriverCommandExecutor.java:158)
	at org.openqa.selenium.remote.RemoteWebDriver.execute(RemoteWebDriver.java:543)
	at org.openqa.selenium.remote.RemoteWebDriver.startSession(RemoteWebDriver.java:229)
	at org.openqa.selenium.remote.RemoteWebDriver.<init>(RemoteWebDriver.java:157)
	at org.openqa.selenium.chromium.ChromiumDriver.<init>(ChromiumDriver.java:101)
	at org.openqa.selenium.chrome.ChromeDriver.<init>(ChromeDriver.java:88)
	at org.openqa.selenium.chrome.ChromeDriver.<init>(ChromeDriver.java:84)
	at org.openqa.selenium.chrome.ChromeDriver.<init>(ChromeDriver.java:73)
	at orangeHRM_Webdriver_Manager.DriverManager.launchbrowser(DriverManager.java:111)
	at stepdefinitions.Common_Step_definition.setup(Common_Step_definition.java:41)
	at java.base/jdk.internal.reflect.DirectMethodHandleAccessor.invoke(DirectMethodHandleAccessor.java:103)
	at java.base/java.lang.reflect.Method.invoke(Method.java:580)
	at io.cucumber.java.Invoker.doInvoke(Invoker.java:66)
	at io.cucumber.java.Invoker.invoke(Invoker.java:24)
	at io.cucumber.java.AbstractGlueDefinition.invokeMethod(AbstractGlueDefinition.java:47)
	at io.cucumber.java.JavaHookDefinition.execute(JavaHookDefinition.java:64)
	at io.cucumber.core.runner.CoreHookDefinition.execute(CoreHookDefinition.java:46)
	at io.cucumber.core.runner.HookDefinitionMatch.runStep(HookDefinitionMatch.java:21)
	at io.cucumber.core.runner.ExecutionMode$1.execute(ExecutionMode.java:10)
	at io.cucumber.core.runner.TestStep.executeStep(TestStep.java:84)
	at io.cucumber.core.runner.TestStep.run(TestStep.java:56)
	at io.cucumber.core.runner.TestCase.run(TestCase.java:78)
	at io.cucumber.core.runner.Runner.runPickle(Runner.java:75)
	at io.cucumber.testng.TestNGCucumberRunner.lambda$runScenario$1(TestNGCucumberRunner.java:132)
	at io.cucumber.core.runtime.CucumberExecutionContext.lambda$runTestCase$5(CucumberExecutionContext.java:137)
	at io.cucumber.core.runtime.RethrowingThrowableCollector.executeAndThrow(RethrowingThrowableCollector.java:23)
	at io.cucumber.core.runtime.CucumberExecutionContext.runTestCase(CucumberExecutionContext.java:137)
	at io.cucumber.testng.TestNGCucumberRunner.runScenario(TestNGCucumberRunner.java:129)
	at io.cucumber.testng.AbstractTestNGCucumberTests.runScenario(AbstractTestNGCucumberTests.java:35)
	at java.base/jdk.internal.reflect.DirectMethodHandleAccessor.invoke(DirectMethodHandleAccessor.java:103)
	at java.base/java.lang.reflect.Method.invoke(Method.java:580)
	at org.testng.internal.invokers.MethodInvocationHelper.invokeMethod(MethodInvocationHelper.java:139)
	at org.testng.internal.invokers.TestInvoker.invokeMethod(TestInvoker.java:664)
	at org.testng.internal.invokers.TestInvoker.invokeTestMethod(TestInvoker.java:227)
	at org.testng.internal.invokers.MethodRunner.runInSequence(MethodRunner.java:50)
	at org.testng.internal.invokers.TestInvoker$MethodInvocationAgent.invoke(TestInvoker.java:957)
	at org.testng.internal.invokers.TestInvoker.invokeTestMethods(TestInvoker.java:200)
	at org.testng.internal.invokers.TestMethodWorker.invokeTestMethods(TestMethodWorker.java:148)
	at org.testng.internal.invokers.TestMethodWorker.run(TestMethodWorker.java:128)
	at java.base/java.util.ArrayList.forEach(ArrayList.java:1596)
	at org.testng.TestRunner.privateRun(TestRunner.java:848)
	at org.testng.TestRunner.run(TestRunner.java:621)
	at org.testng.SuiteRunner.runTest(SuiteRunner.java:443)
	at org.testng.SuiteRunner.runSequentially(SuiteRunner.java:437)
	at org.testng.SuiteRunner.privateRun(SuiteRunner.java:397)
	at org.testng.SuiteRunner.run(SuiteRunner.java:336)
	at org.testng.SuiteRunnerWorker.runSuite(SuiteRunnerWorker.java:52)
	at org.testng.SuiteRunnerWorker.run(SuiteRunnerWorker.java:95)
	at org.testng.TestNG.runSuitesSequentially(TestNG.java:1280)
	at org.testng.TestNG.runSuitesLocally(TestNG.java:1200)
	at org.testng.TestNG.runSuites(TestNG.java:1114)
	at org.testng.TestNG.run(TestNG.java:1082)
	at com.intellij.rt.testng.IDEARemoteTestNG.run(IDEARemoteTestNG.java:65)
	at com.intellij.rt.testng.RemoteTestNGStarter.main(RemoteTestNGStarter.java:109)
2026-07-15 13:49:49 ERROR Verify_Pending_Timesheets_Step_def:22 - java.lang.NullPointerException: Cannot invoke "org.openqa.selenium.WebDriver.getCurrentUrl()" because the return value of "orangeHRM_Webdriver_Manager.DriverManager.getDriver()" is null
2026-07-15 13:49:49 ERROR Verify_Pending_Timesheets_Step_def:33 - java.lang.IllegalArgumentException: Input must be set
2026-07-15 13:49:49 ERROR Verify_Pending_Timesheets_Step_def:45 - java.lang.NullPointerException: Cannot invoke "org.openqa.selenium.WebElement.sendKeys(java.lang.CharSequence[])" because "this.ENTEREMPOLYEENAME" is null
2026-07-15 13:49:49 ERROR Verify_Pending_Timesheets_Step_def:56 - java.lang.NullPointerException: Cannot invoke "org.openqa.selenium.WebElement.getText()" because "this.NAME" is null
2026-07-15 14:01:00 INFO  Common_Step_definition:29 - Execution Started
2026-07-15 14:01:00 INFO  Common_Step_definition:32 - Instantiated the commonUtils
2026-07-15 14:01:00 INFO  Common_Step_definition:35 - loading the config properties file
2026-07-15 14:01:00 INFO  Common_Step_definition:38 - Checking the Driver is Null or Not?
2026-07-15 14:01:00 INFO  Common_Step_definition:40 - Driver is Null. Instatiating it!
2026-07-15 14:01:00 INFO  DriverManager:29 - Launchingchrome
2026-07-15 14:01:00 INFO  DriverManager:40 - Using local ChromeDriver from config: C:\Users\Lakshmanan\IdeaProjects\OrangeHRM\Drivers\Chromedriver\chromedriver.exe
2026-07-15 14:01:00 INFO  DriverManager:69 - Found Chrome binary at: C:\Chromedriver\chromedriver-win64
2026-07-15 14:01:00 INFO  DriverManager:78 - Using Chrome binary: C:\Chromedriver\chromedriver-win64
2026-07-15 14:01:02 ERROR DriverManager:132 - Failed to initialize WebDriver: Could not start a new session. Response code 500. Message: session not created: Failed to create Chrome process. 
Host info: host: 'DESKTOP-V0D06AI', ip: '10.213.47.73'
Build info: version: '4.9.1', revision: 'eb2032df7f'
System info: os.name: 'Windows 10', os.arch: 'amd64', os.version: '10.0', java.version: '21.0.3'
Driver info: org.openqa.selenium.chrome.ChromeDriver
Command: [null, newSession {capabilities=[Capabilities {browserName: chrome, goog:chromeOptions: {args: [--remote-allow-origins=*], binary: C:\Chromedriver\chromedrive..., extensions: []}}]}]
org.openqa.selenium.SessionNotCreatedException: Could not start a new session. Response code 500. Message: session not created: Failed to create Chrome process. 
Host info: host: 'DESKTOP-V0D06AI', ip: '10.213.47.73'
Build info: version: '4.9.1', revision: 'eb2032df7f'
System info: os.name: 'Windows 10', os.arch: 'amd64', os.version: '10.0', java.version: '21.0.3'
Driver info: org.openqa.selenium.chrome.ChromeDriver
Command: [null, newSession {capabilities=[Capabilities {browserName: chrome, goog:chromeOptions: {args: [--remote-allow-origins=*], binary: C:\Chromedriver\chromedrive..., extensions: []}}]}]
	at org.openqa.selenium.remote.ProtocolHandshake.createSession(ProtocolHandshake.java:136)
	at org.openqa.selenium.remote.ProtocolHandshake.createSession(ProtocolHandshake.java:94)
	at org.openqa.selenium.remote.ProtocolHandshake.createSession(ProtocolHandshake.java:68)
	at org.openqa.selenium.remote.HttpCommandExecutor.execute(HttpCommandExecutor.java:165)
	at org.openqa.selenium.remote.service.DriverCommandExecutor.invokeExecute(DriverCommandExecutor.java:183)
	at org.openqa.selenium.remote.service.DriverCommandExecutor.execute(DriverCommandExecutor.java:158)
	at org.openqa.selenium.remote.RemoteWebDriver.execute(RemoteWebDriver.java:543)
	at org.openqa.selenium.remote.RemoteWebDriver.startSession(RemoteWebDriver.java:229)
	at org.openqa.selenium.remote.RemoteWebDriver.<init>(RemoteWebDriver.java:157)
	at org.openqa.selenium.chromium.ChromiumDriver.<init>(ChromiumDriver.java:101)
	at org.openqa.selenium.chrome.ChromeDriver.<init>(ChromeDriver.java:88)
	at org.openqa.selenium.chrome.ChromeDriver.<init>(ChromeDriver.java:84)
	at org.openqa.selenium.chrome.ChromeDriver.<init>(ChromeDriver.java:73)
	at orangeHRM_Webdriver_Manager.DriverManager.launchbrowser(DriverManager.java:111)
	at stepdefinitions.Common_Step_definition.setup(Common_Step_definition.java:41)
	at java.base/jdk.internal.reflect.DirectMethodHandleAccessor.invoke(DirectMethodHandleAccessor.java:103)
	at java.base/java.lang.reflect.Method.invoke(Method.java:580)
	at io.cucumber.java.Invoker.doInvoke(Invoker.java:66)
	at io.cucumber.java.Invoker.invoke(Invoker.java:24)
	at io.cucumber.java.AbstractGlueDefinition.invokeMethod(AbstractGlueDefinition.java:47)
	at io.cucumber.java.JavaHookDefinition.execute(JavaHookDefinition.java:64)
	at io.cucumber.core.runner.CoreHookDefinition.execute(CoreHookDefinition.java:46)
	at io.cucumber.core.runner.HookDefinitionMatch.runStep(HookDefinitionMatch.java:21)
	at io.cucumber.core.runner.ExecutionMode$1.execute(ExecutionMode.java:10)
	at io.cucumber.core.runner.TestStep.executeStep(TestStep.java:84)
	at io.cucumber.core.runner.TestStep.run(TestStep.java:56)
	at io.cucumber.core.runner.TestCase.run(TestCase.java:78)
	at io.cucumber.core.runner.Runner.runPickle(Runner.java:75)
	at io.cucumber.testng.TestNGCucumberRunner.lambda$runScenario$1(TestNGCucumberRunner.java:132)
	at io.cucumber.core.runtime.CucumberExecutionContext.lambda$runTestCase$5(CucumberExecutionContext.java:137)
	at io.cucumber.core.runtime.RethrowingThrowableCollector.executeAndThrow(RethrowingThrowableCollector.java:23)
	at io.cucumber.core.runtime.CucumberExecutionContext.runTestCase(CucumberExecutionContext.java:137)
	at io.cucumber.testng.TestNGCucumberRunner.runScenario(TestNGCucumberRunner.java:129)
	at io.cucumber.testng.AbstractTestNGCucumberTests.runScenario(AbstractTestNGCucumberTests.java:35)
	at java.base/jdk.internal.reflect.DirectMethodHandleAccessor.invoke(DirectMethodHandleAccessor.java:103)
	at java.base/java.lang.reflect.Method.invoke(Method.java:580)
	at org.testng.internal.invokers.MethodInvocationHelper.invokeMethod(MethodInvocationHelper.java:139)
	at org.testng.internal.invokers.TestInvoker.invokeMethod(TestInvoker.java:664)
	at org.testng.internal.invokers.TestInvoker.invokeTestMethod(TestInvoker.java:227)
	at org.testng.internal.invokers.MethodRunner.runInSequence(MethodRunner.java:50)
	at org.testng.internal.invokers.TestInvoker$MethodInvocationAgent.invoke(TestInvoker.java:957)
	at org.testng.internal.invokers.TestInvoker.invokeTestMethods(TestInvoker.java:200)
	at org.testng.internal.invokers.TestMethodWorker.invokeTestMethods(TestMethodWorker.java:148)
	at org.testng.internal.invokers.TestMethodWorker.run(TestMethodWorker.java:128)
	at java.base/java.util.ArrayList.forEach(ArrayList.java:1596)
	at org.testng.TestRunner.privateRun(TestRunner.java:848)
	at org.testng.TestRunner.run(TestRunner.java:621)
	at org.testng.SuiteRunner.runTest(SuiteRunner.java:443)
	at org.testng.SuiteRunner.runSequentially(SuiteRunner.java:437)
	at org.testng.SuiteRunner.privateRun(SuiteRunner.java:397)
	at org.testng.SuiteRunner.run(SuiteRunner.java:336)
	at org.testng.SuiteRunnerWorker.runSuite(SuiteRunnerWorker.java:52)
	at org.testng.SuiteRunnerWorker.run(SuiteRunnerWorker.java:95)
	at org.testng.TestNG.runSuitesSequentially(TestNG.java:1280)
	at org.testng.TestNG.runSuitesLocally(TestNG.java:1200)
	at org.testng.TestNG.runSuites(TestNG.java:1114)
	at org.testng.TestNG.run(TestNG.java:1082)
	at com.intellij.rt.testng.IDEARemoteTestNG.run(IDEARemoteTestNG.java:65)
	at com.intellij.rt.testng.RemoteTestNGStarter.main(RemoteTestNGStarter.java:109)
2026-07-15 14:01:02 ERROR VerifyCEOName_Step_Def:34 - java.lang.NullPointerException: Cannot invoke "org.openqa.selenium.WebDriver.getCurrentUrl()" because the return value of "orangeHRM_Webdriver_Manager.DriverManager.getDriver()" is null
2026-07-15 14:01:02 ERROR VerifyCEOName_Step_Def:69 - java.lang.IllegalArgumentException: Input must be set
2026-07-15 14:01:02 ERROR VerifyCEOName_Step_Def:108 - java.lang.IllegalArgumentException: Input must be set
2026-07-15 14:01:02 ERROR VerifyCEOName_Step_Def:120 - java.lang.IllegalArgumentException: Input must be set
2026-07-15 14:26:07 INFO  Common_Step_definition:29 - Execution Started
2026-07-15 14:26:07 INFO  Common_Step_definition:32 - Instantiated the commonUtils
2026-07-15 14:26:07 INFO  Common_Step_definition:35 - loading the config properties file
2026-07-15 14:26:07 INFO  Common_Step_definition:38 - Checking the Driver is Null or Not?
2026-07-15 14:26:07 INFO  Common_Step_definition:40 - Driver is Null. Instatiating it!
2026-07-15 14:26:07 INFO  DriverManager:29 - Launchingchrome
2026-07-15 14:26:07 INFO  DriverManager:40 - Using local ChromeDriver from config: C:\Users\Lakshmanan\IdeaProjects\OrangeHRM\Drivers\Chromedriver\chromedriver.exe
2026-07-15 14:26:07 INFO  DriverManager:69 - Found Chrome binary at: C:\Chromedriver\chromedriver-win64
2026-07-15 14:26:07 INFO  DriverManager:78 - Using Chrome binary: C:\Chromedriver\chromedriver-win64
2026-07-15 14:26:09 ERROR DriverManager:132 - Failed to initialize WebDriver: Could not start a new session. Response code 500. Message: session not created: Failed to create Chrome process. 
Host info: host: 'DESKTOP-V0D06AI', ip: '10.213.47.73'
Build info: version: '4.9.1', revision: 'eb2032df7f'
System info: os.name: 'Windows 10', os.arch: 'amd64', os.version: '10.0', java.version: '21.0.3'
Driver info: org.openqa.selenium.chrome.ChromeDriver
Command: [null, newSession {capabilities=[Capabilities {browserName: chrome, goog:chromeOptions: {args: [--remote-allow-origins=*], binary: C:\Chromedriver\chromedrive..., extensions: []}}]}]
org.openqa.selenium.SessionNotCreatedException: Could not start a new session. Response code 500. Message: session not created: Failed to create Chrome process. 
Host info: host: 'DESKTOP-V0D06AI', ip: '10.213.47.73'
Build info: version: '4.9.1', revision: 'eb2032df7f'
System info: os.name: 'Windows 10', os.arch: 'amd64', os.version: '10.0', java.version: '21.0.3'
Driver info: org.openqa.selenium.chrome.ChromeDriver
Command: [null, newSession {capabilities=[Capabilities {browserName: chrome, goog:chromeOptions: {args: [--remote-allow-origins=*], binary: C:\Chromedriver\chromedrive..., extensions: []}}]}]
	at org.openqa.selenium.remote.ProtocolHandshake.createSession(ProtocolHandshake.java:136)
	at org.openqa.selenium.remote.ProtocolHandshake.createSession(ProtocolHandshake.java:94)
	at org.openqa.selenium.remote.ProtocolHandshake.createSession(ProtocolHandshake.java:68)
	at org.openqa.selenium.remote.HttpCommandExecutor.execute(HttpCommandExecutor.java:165)
	at org.openqa.selenium.remote.service.DriverCommandExecutor.invokeExecute(DriverCommandExecutor.java:183)
	at org.openqa.selenium.remote.service.DriverCommandExecutor.execute(DriverCommandExecutor.java:158)
	at org.openqa.selenium.remote.RemoteWebDriver.execute(RemoteWebDriver.java:543)
	at org.openqa.selenium.remote.RemoteWebDriver.startSession(RemoteWebDriver.java:229)
	at org.openqa.selenium.remote.RemoteWebDriver.<init>(RemoteWebDriver.java:157)
	at org.openqa.selenium.chromium.ChromiumDriver.<init>(ChromiumDriver.java:101)
	at org.openqa.selenium.chrome.ChromeDriver.<init>(ChromeDriver.java:88)
	at org.openqa.selenium.chrome.ChromeDriver.<init>(ChromeDriver.java:84)
	at org.openqa.selenium.chrome.ChromeDriver.<init>(ChromeDriver.java:73)
	at orangeHRM_Webdriver_Manager.DriverManager.launchbrowser(DriverManager.java:111)
	at stepdefinitions.Common_Step_definition.setup(Common_Step_definition.java:41)
	at java.base/jdk.internal.reflect.DirectMethodHandleAccessor.invoke(DirectMethodHandleAccessor.java:103)
	at java.base/java.lang.reflect.Method.invoke(Method.java:580)
	at io.cucumber.java.Invoker.doInvoke(Invoker.java:66)
	at io.cucumber.java.Invoker.invoke(Invoker.java:24)
	at io.cucumber.java.AbstractGlueDefinition.invokeMethod(AbstractGlueDefinition.java:47)
	at io.cucumber.java.JavaHookDefinition.execute(JavaHookDefinition.java:64)
	at io.cucumber.core.runner.CoreHookDefinition.execute(CoreHookDefinition.java:46)
	at io.cucumber.core.runner.HookDefinitionMatch.runStep(HookDefinitionMatch.java:21)
	at io.cucumber.core.runner.ExecutionMode$1.execute(ExecutionMode.java:10)
	at io.cucumber.core.runner.TestStep.executeStep(TestStep.java:84)
	at io.cucumber.core.runner.TestStep.run(TestStep.java:56)
	at io.cucumber.core.runner.TestCase.run(TestCase.java:78)
	at io.cucumber.core.runner.Runner.runPickle(Runner.java:75)
	at io.cucumber.testng.TestNGCucumberRunner.lambda$runScenario$1(TestNGCucumberRunner.java:132)
	at io.cucumber.core.runtime.CucumberExecutionContext.lambda$runTestCase$5(CucumberExecutionContext.java:137)
	at io.cucumber.core.runtime.RethrowingThrowableCollector.executeAndThrow(RethrowingThrowableCollector.java:23)
	at io.cucumber.core.runtime.CucumberExecutionContext.runTestCase(CucumberExecutionContext.java:137)
	at io.cucumber.testng.TestNGCucumberRunner.runScenario(TestNGCucumberRunner.java:129)
	at io.cucumber.testng.AbstractTestNGCucumberTests.runScenario(AbstractTestNGCucumberTests.java:35)
	at java.base/jdk.internal.reflect.DirectMethodHandleAccessor.invoke(DirectMethodHandleAccessor.java:103)
	at java.base/java.lang.reflect.Method.invoke(Method.java:580)
	at org.testng.internal.invokers.MethodInvocationHelper.invokeMethod(MethodInvocationHelper.java:139)
	at org.testng.internal.invokers.TestInvoker.invokeMethod(TestInvoker.java:664)
	at org.testng.internal.invokers.TestInvoker.invokeTestMethod(TestInvoker.java:227)
	at org.testng.internal.invokers.MethodRunner.runInSequence(MethodRunner.java:50)
	at org.testng.internal.invokers.TestInvoker$MethodInvocationAgent.invoke(TestInvoker.java:957)
	at org.testng.internal.invokers.TestInvoker.invokeTestMethods(TestInvoker.java:200)
	at org.testng.internal.invokers.TestMethodWorker.invokeTestMethods(TestMethodWorker.java:148)
	at org.testng.internal.invokers.TestMethodWorker.run(TestMethodWorker.java:128)
	at java.base/java.util.ArrayList.forEach(ArrayList.java:1596)
	at org.testng.TestRunner.privateRun(TestRunner.java:848)
	at org.testng.TestRunner.run(TestRunner.java:621)
	at org.testng.SuiteRunner.runTest(SuiteRunner.java:443)
	at org.testng.SuiteRunner.runSequentially(SuiteRunner.java:437)
	at org.testng.SuiteRunner.privateRun(SuiteRunner.java:397)
	at org.testng.SuiteRunner.run(SuiteRunner.java:336)
	at org.testng.SuiteRunnerWorker.runSuite(SuiteRunnerWorker.java:52)
	at org.testng.SuiteRunnerWorker.run(SuiteRunnerWorker.java:95)
	at org.testng.TestNG.runSuitesSequentially(TestNG.java:1280)
	at org.testng.TestNG.runSuitesLocally(TestNG.java:1200)
	at org.testng.TestNG.runSuites(TestNG.java:1114)
	at org.testng.TestNG.run(TestNG.java:1082)
	at com.intellij.rt.testng.IDEARemoteTestNG.run(IDEARemoteTestNG.java:65)
	at com.intellij.rt.testng.RemoteTestNGStarter.main(RemoteTestNGStarter.java:109)
2026-07-15 14:26:09 ERROR VerifyCEOName_Step_Def:34 - java.lang.NullPointerException: Cannot invoke "org.openqa.selenium.WebDriver.getCurrentUrl()" because the return value of "orangeHRM_Webdriver_Manager.DriverManager.getDriver()" is null
2026-07-15 14:26:09 ERROR VerifyCEOName_Step_Def:69 - java.lang.IllegalArgumentException: Input must be set
2026-07-15 14:26:09 ERROR VerifyCEOName_Step_Def:108 - java.lang.IllegalArgumentException: Input must be set
2026-07-15 14:26:09 ERROR VerifyCEOName_Step_Def:120 - java.lang.IllegalArgumentException: Input must be set
2026-07-15 14:33:06 INFO  Common_Step_definition:29 - Execution Started
2026-07-15 14:33:07 INFO  Common_Step_definition:32 - Instantiated the commonUtils
2026-07-15 14:33:07 INFO  Common_Step_definition:35 - loading the config properties file
2026-07-15 14:33:07 INFO  Common_Step_definition:38 - Checking the Driver is Null or Not?
2026-07-15 14:33:07 INFO  Common_Step_definition:40 - Driver is Null. Instatiating it!
2026-07-15 14:33:07 INFO  DriverManager:29 - Launchingchrome
2026-07-15 14:33:07 INFO  DriverManager:45 - Using local ChromeDriver from config: C:\Users\Lakshmanan\IdeaProjects\OrangeHRM\Drivers\Chromedriver\chromedriver.exe
2026-07-15 14:33:07 INFO  DriverManager:98 - No Chrome binary path configured, will use system Chrome installation
2026-07-15 14:33:08 ERROR DriverManager:150 - Failed to initialize WebDriver: Could not start a new session. Response code 500. Message: session not created
from unknown error: cannot find Chrome binary 
Host info: host: 'DESKTOP-V0D06AI', ip: '10.213.47.73'
Build info: version: '4.9.1', revision: 'eb2032df7f'
System info: os.name: 'Windows 10', os.arch: 'amd64', os.version: '10.0', java.version: '21.0.3'
Driver info: org.openqa.selenium.chrome.ChromeDriver
Command: [null, newSession {capabilities=[Capabilities {browserName: chrome, goog:chromeOptions: {args: [--remote-allow-origins=*, --disable-blink-features=Au..., --disable-dev-shm-usage, --no-sandbox], excludeSwitches: [enable-automation], extensions: []}}]}]
org.openqa.selenium.SessionNotCreatedException: Could not start a new session. Response code 500. Message: session not created
from unknown error: cannot find Chrome binary 
Host info: host: 'DESKTOP-V0D06AI', ip: '10.213.47.73'
Build info: version: '4.9.1', revision: 'eb2032df7f'
System info: os.name: 'Windows 10', os.arch: 'amd64', os.version: '10.0', java.version: '21.0.3'
Driver info: org.openqa.selenium.chrome.ChromeDriver
Command: [null, newSession {capabilities=[Capabilities {browserName: chrome, goog:chromeOptions: {args: [--remote-allow-origins=*, --disable-blink-features=Au..., --disable-dev-shm-usage, --no-sandbox], excludeSwitches: [enable-automation], extensions: []}}]}]
	at org.openqa.selenium.remote.ProtocolHandshake.createSession(ProtocolHandshake.java:136)
	at org.openqa.selenium.remote.ProtocolHandshake.createSession(ProtocolHandshake.java:94)
	at org.openqa.selenium.remote.ProtocolHandshake.createSession(ProtocolHandshake.java:68)
	at org.openqa.selenium.remote.HttpCommandExecutor.execute(HttpCommandExecutor.java:165)
	at org.openqa.selenium.remote.service.DriverCommandExecutor.invokeExecute(DriverCommandExecutor.java:183)
	at org.openqa.selenium.remote.service.DriverCommandExecutor.execute(DriverCommandExecutor.java:158)
	at org.openqa.selenium.remote.RemoteWebDriver.execute(RemoteWebDriver.java:543)
	at org.openqa.selenium.remote.RemoteWebDriver.startSession(RemoteWebDriver.java:229)
	at org.openqa.selenium.remote.RemoteWebDriver.<init>(RemoteWebDriver.java:157)
	at org.openqa.selenium.chromium.ChromiumDriver.<init>(ChromiumDriver.java:101)
	at org.openqa.selenium.chrome.ChromeDriver.<init>(ChromeDriver.java:88)
	at org.openqa.selenium.chrome.ChromeDriver.<init>(ChromeDriver.java:84)
	at org.openqa.selenium.chrome.ChromeDriver.<init>(ChromeDriver.java:73)
	at orangeHRM_Webdriver_Manager.DriverManager.launchbrowser(DriverManager.java:129)
	at stepdefinitions.Common_Step_definition.setup(Common_Step_definition.java:41)
	at java.base/jdk.internal.reflect.DirectMethodHandleAccessor.invoke(DirectMethodHandleAccessor.java:103)
	at java.base/java.lang.reflect.Method.invoke(Method.java:580)
	at io.cucumber.java.Invoker.doInvoke(Invoker.java:66)
	at io.cucumber.java.Invoker.invoke(Invoker.java:24)
	at io.cucumber.java.AbstractGlueDefinition.invokeMethod(AbstractGlueDefinition.java:47)
	at io.cucumber.java.JavaHookDefinition.execute(JavaHookDefinition.java:64)
	at io.cucumber.core.runner.CoreHookDefinition.execute(CoreHookDefinition.java:46)
	at io.cucumber.core.runner.HookDefinitionMatch.runStep(HookDefinitionMatch.java:21)
	at io.cucumber.core.runner.ExecutionMode$1.execute(ExecutionMode.java:10)
	at io.cucumber.core.runner.TestStep.executeStep(TestStep.java:84)
	at io.cucumber.core.runner.TestStep.run(TestStep.java:56)
	at io.cucumber.core.runner.TestCase.run(TestCase.java:78)
	at io.cucumber.core.runner.Runner.runPickle(Runner.java:75)
	at io.cucumber.testng.TestNGCucumberRunner.lambda$runScenario$1(TestNGCucumberRunner.java:132)
	at io.cucumber.core.runtime.CucumberExecutionContext.lambda$runTestCase$5(CucumberExecutionContext.java:137)
	at io.cucumber.core.runtime.RethrowingThrowableCollector.executeAndThrow(RethrowingThrowableCollector.java:23)
	at io.cucumber.core.runtime.CucumberExecutionContext.runTestCase(CucumberExecutionContext.java:137)
	at io.cucumber.testng.TestNGCucumberRunner.runScenario(TestNGCucumberRunner.java:129)
	at io.cucumber.testng.AbstractTestNGCucumberTests.runScenario(AbstractTestNGCucumberTests.java:35)
	at java.base/jdk.internal.reflect.DirectMethodHandleAccessor.invoke(DirectMethodHandleAccessor.java:103)
	at java.base/java.lang.reflect.Method.invoke(Method.java:580)
	at org.testng.internal.invokers.MethodInvocationHelper.invokeMethod(MethodInvocationHelper.java:139)
	at org.testng.internal.invokers.TestInvoker.invokeMethod(TestInvoker.java:664)
	at org.testng.internal.invokers.TestInvoker.invokeTestMethod(TestInvoker.java:227)
	at org.testng.internal.invokers.MethodRunner.runInSequence(MethodRunner.java:50)
	at org.testng.internal.invokers.TestInvoker$MethodInvocationAgent.invoke(TestInvoker.java:957)
	at org.testng.internal.invokers.TestInvoker.invokeTestMethods(TestInvoker.java:200)
	at org.testng.internal.invokers.TestMethodWorker.invokeTestMethods(TestMethodWorker.java:148)
	at org.testng.internal.invokers.TestMethodWorker.run(TestMethodWorker.java:128)
	at java.base/java.util.ArrayList.forEach(ArrayList.java:1596)
	at org.testng.TestRunner.privateRun(TestRunner.java:848)
	at org.testng.TestRunner.run(TestRunner.java:621)
	at org.testng.SuiteRunner.runTest(SuiteRunner.java:443)
	at org.testng.SuiteRunner.runSequentially(SuiteRunner.java:437)
	at org.testng.SuiteRunner.privateRun(SuiteRunner.java:397)
	at org.testng.SuiteRunner.run(SuiteRunner.java:336)
	at org.testng.SuiteRunnerWorker.runSuite(SuiteRunnerWorker.java:52)
	at org.testng.SuiteRunnerWorker.run(SuiteRunnerWorker.java:95)
	at org.testng.TestNG.runSuitesSequentially(TestNG.java:1280)
	at org.testng.TestNG.runSuitesLocally(TestNG.java:1200)
	at org.testng.TestNG.runSuites(TestNG.java:1114)
	at org.testng.TestNG.run(TestNG.java:1082)
	at com.intellij.rt.testng.IDEARemoteTestNG.run(IDEARemoteTestNG.java:65)
	at com.intellij.rt.testng.RemoteTestNGStarter.main(RemoteTestNGStarter.java:109)
2026-07-15 14:33:08 ERROR VerifyCEOName_Step_Def:34 - java.lang.NullPointerException: Cannot invoke "org.openqa.selenium.WebDriver.getCurrentUrl()" because the return value of "orangeHRM_Webdriver_Manager.DriverManager.getDriver()" is null
2026-07-15 14:33:08 ERROR VerifyCEOName_Step_Def:69 - java.lang.IllegalArgumentException: Input must be set
2026-07-15 14:33:08 ERROR VerifyCEOName_Step_Def:108 - java.lang.IllegalArgumentException: Input must be set
2026-07-15 14:33:08 ERROR VerifyCEOName_Step_Def:120 - java.lang.IllegalArgumentException: Input must be set
2026-07-15 19:05:24 INFO  Common_Step_definition:29 - Execution Started
2026-07-15 19:05:24 INFO  Common_Step_definition:32 - Instantiated the commonUtils
2026-07-15 19:05:24 INFO  Common_Step_definition:35 - loading the config properties file
2026-07-15 19:05:24 INFO  Common_Step_definition:38 - Checking the Driver is Null or Not?
2026-07-15 19:05:24 INFO  Common_Step_definition:40 - Driver is Null. Instatiating it!
2026-07-15 19:05:24 INFO  DriverManager:29 - Launchingchrome
2026-07-15 19:05:24 INFO  DriverManager:45 - Using local ChromeDriver from config: C:\Users\Lakshmanan\IdeaProjects\OrangeHRM\Drivers\Chromedriver\chromedriver.exe
2026-07-15 19:05:24 INFO  DriverManager:98 - No Chrome binary path configured, will use system Chrome installation
2026-07-15 19:05:27 ERROR DriverManager:150 - Failed to initialize WebDriver: Could not start a new session. Response code 500. Message: session not created
from unknown error: cannot find Chrome binary 
Host info: host: 'DESKTOP-V0D06AI', ip: '10.213.47.73'
Build info: version: '4.9.1', revision: 'eb2032df7f'
System info: os.name: 'Windows 10', os.arch: 'amd64', os.version: '10.0', java.version: '21.0.3'
Driver info: org.openqa.selenium.chrome.ChromeDriver
Command: [null, newSession {capabilities=[Capabilities {browserName: chrome, goog:chromeOptions: {args: [--remote-allow-origins=*, --disable-blink-features=Au..., --disable-dev-shm-usage, --no-sandbox], excludeSwitches: [enable-automation], extensions: []}}]}]
org.openqa.selenium.SessionNotCreatedException: Could not start a new session. Response code 500. Message: session not created
from unknown error: cannot find Chrome binary 
Host info: host: 'DESKTOP-V0D06AI', ip: '10.213.47.73'
Build info: version: '4.9.1', revision: 'eb2032df7f'
System info: os.name: 'Windows 10', os.arch: 'amd64', os.version: '10.0', java.version: '21.0.3'
Driver info: org.openqa.selenium.chrome.ChromeDriver
Command: [null, newSession {capabilities=[Capabilities {browserName: chrome, goog:chromeOptions: {args: [--remote-allow-origins=*, --disable-blink-features=Au..., --disable-dev-shm-usage, --no-sandbox], excludeSwitches: [enable-automation], extensions: []}}]}]
	at org.openqa.selenium.remote.ProtocolHandshake.createSession(ProtocolHandshake.java:136)
	at org.openqa.selenium.remote.ProtocolHandshake.createSession(ProtocolHandshake.java:94)
	at org.openqa.selenium.remote.ProtocolHandshake.createSession(ProtocolHandshake.java:68)
	at org.openqa.selenium.remote.HttpCommandExecutor.execute(HttpCommandExecutor.java:165)
	at org.openqa.selenium.remote.service.DriverCommandExecutor.invokeExecute(DriverCommandExecutor.java:183)
	at org.openqa.selenium.remote.service.DriverCommandExecutor.execute(DriverCommandExecutor.java:158)
	at org.openqa.selenium.remote.RemoteWebDriver.execute(RemoteWebDriver.java:543)
	at org.openqa.selenium.remote.RemoteWebDriver.startSession(RemoteWebDriver.java:229)
	at org.openqa.selenium.remote.RemoteWebDriver.<init>(RemoteWebDriver.java:157)
	at org.openqa.selenium.chromium.ChromiumDriver.<init>(ChromiumDriver.java:101)
	at org.openqa.selenium.chrome.ChromeDriver.<init>(ChromeDriver.java:88)
	at org.openqa.selenium.chrome.ChromeDriver.<init>(ChromeDriver.java:84)
	at org.openqa.selenium.chrome.ChromeDriver.<init>(ChromeDriver.java:73)
	at orangeHRM_Webdriver_Manager.DriverManager.launchbrowser(DriverManager.java:129)
	at stepdefinitions.Common_Step_definition.setup(Common_Step_definition.java:41)
	at java.base/jdk.internal.reflect.DirectMethodHandleAccessor.invoke(DirectMethodHandleAccessor.java:103)
	at java.base/java.lang.reflect.Method.invoke(Method.java:580)
	at io.cucumber.java.Invoker.doInvoke(Invoker.java:66)
	at io.cucumber.java.Invoker.invoke(Invoker.java:24)
	at io.cucumber.java.AbstractGlueDefinition.invokeMethod(AbstractGlueDefinition.java:47)
	at io.cucumber.java.JavaHookDefinition.execute(JavaHookDefinition.java:64)
	at io.cucumber.core.runner.CoreHookDefinition.execute(CoreHookDefinition.java:46)
	at io.cucumber.core.runner.HookDefinitionMatch.runStep(HookDefinitionMatch.java:21)
	at io.cucumber.core.runner.ExecutionMode$1.execute(ExecutionMode.java:10)
	at io.cucumber.core.runner.TestStep.executeStep(TestStep.java:84)
	at io.cucumber.core.runner.TestStep.run(TestStep.java:56)
	at io.cucumber.core.runner.TestCase.run(TestCase.java:78)
	at io.cucumber.core.runner.Runner.runPickle(Runner.java:75)
	at io.cucumber.testng.TestNGCucumberRunner.lambda$runScenario$1(TestNGCucumberRunner.java:132)
	at io.cucumber.core.runtime.CucumberExecutionContext.lambda$runTestCase$5(CucumberExecutionContext.java:137)
	at io.cucumber.core.runtime.RethrowingThrowableCollector.executeAndThrow(RethrowingThrowableCollector.java:23)
	at io.cucumber.core.runtime.CucumberExecutionContext.runTestCase(CucumberExecutionContext.java:137)
	at io.cucumber.testng.TestNGCucumberRunner.runScenario(TestNGCucumberRunner.java:129)
	at io.cucumber.testng.AbstractTestNGCucumberTests.runScenario(AbstractTestNGCucumberTests.java:35)
	at java.base/jdk.internal.reflect.DirectMethodHandleAccessor.invoke(DirectMethodHandleAccessor.java:103)
	at java.base/java.lang.reflect.Method.invoke(Method.java:580)
	at org.testng.internal.invokers.MethodInvocationHelper.invokeMethod(MethodInvocationHelper.java:139)
	at org.testng.internal.invokers.TestInvoker.invokeMethod(TestInvoker.java:664)
	at org.testng.internal.invokers.TestInvoker.invokeTestMethod(TestInvoker.java:227)
	at org.testng.internal.invokers.MethodRunner.runInSequence(MethodRunner.java:50)
	at org.testng.internal.invokers.TestInvoker$MethodInvocationAgent.invoke(TestInvoker.java:957)
	at org.testng.internal.invokers.TestInvoker.invokeTestMethods(TestInvoker.java:200)
	at org.testng.internal.invokers.TestMethodWorker.invokeTestMethods(TestMethodWorker.java:148)
	at org.testng.internal.invokers.TestMethodWorker.run(TestMethodWorker.java:128)
	at java.base/java.util.ArrayList.forEach(ArrayList.java:1596)
	at org.testng.TestRunner.privateRun(TestRunner.java:848)
	at org.testng.TestRunner.run(TestRunner.java:621)
	at org.testng.SuiteRunner.runTest(SuiteRunner.java:443)
	at org.testng.SuiteRunner.runSequentially(SuiteRunner.java:437)
	at org.testng.SuiteRunner.privateRun(SuiteRunner.java:397)
	at org.testng.SuiteRunner.run(SuiteRunner.java:336)
	at org.testng.SuiteRunnerWorker.runSuite(SuiteRunnerWorker.java:52)
	at org.testng.SuiteRunnerWorker.run(SuiteRunnerWorker.java:95)
	at org.testng.TestNG.runSuitesSequentially(TestNG.java:1280)
	at org.testng.TestNG.runSuitesLocally(TestNG.java:1200)
	at org.testng.TestNG.runSuites(TestNG.java:1114)
	at org.testng.TestNG.run(TestNG.java:1082)
	at com.intellij.rt.testng.IDEARemoteTestNG.run(IDEARemoteTestNG.java:65)
	at com.intellij.rt.testng.RemoteTestNGStarter.main(RemoteTestNGStarter.java:109)
2026-07-15 19:05:27 ERROR VerifyCEOName_Step_Def:34 - java.lang.NullPointerException: Cannot invoke "org.openqa.selenium.WebDriver.getCurrentUrl()" because the return value of "orangeHRM_Webdriver_Manager.DriverManager.getDriver()" is null
2026-07-15 19:05:27 ERROR VerifyCEOName_Step_Def:69 - java.lang.IllegalArgumentException: Input must be set
2026-07-15 19:05:27 ERROR VerifyCEOName_Step_Def:108 - java.lang.IllegalArgumentException: Input must be set
2026-07-15 19:05:27 ERROR VerifyCEOName_Step_Def:120 - java.lang.IllegalArgumentException: Input must be set
2026-07-15 19:39:38 INFO  Common_Step_definition:29 - Execution Started
2026-07-15 19:39:38 INFO  Common_Step_definition:32 - Instantiated the commonUtils
2026-07-15 19:39:38 INFO  Common_Step_definition:35 - loading the config properties file
2026-07-15 19:39:38 INFO  Common_Step_definition:38 - Checking the Driver is Null or Not?
2026-07-15 19:39:38 INFO  Common_Step_definition:40 - Driver is Null. Instatiating it!
2026-07-15 19:39:38 INFO  DriverManager:29 - Launchingchrome
2026-07-15 19:39:38 INFO  DriverManager:45 - Using local ChromeDriver from config: C:\Users\Lakshmanan\IdeaProjects\OrangeHRM\Drivers\Chromedriver\chromedriver.exe
2026-07-15 19:39:38 INFO  DriverManager:75 - Found Chrome binary at: C:\Program Files\Google\Chrome\Application\chrome.exe
2026-07-15 19:39:38 INFO  DriverManager:86 - Using Chrome binary: C:\Program Files\Google\Chrome\Application\chrome.exe
2026-07-15 19:39:42 ERROR DriverManager:150 - Failed to initialize WebDriver: Could not start a new session. Response code 500. Message: session not created: This version of ChromeDriver only supports Chrome version 137
Current browser version is 150.0.7871.125 with binary path C:\Program Files\Google\Chrome\Application\chrome.exe 
Host info: host: 'DESKTOP-V0D06AI', ip: '10.213.47.73'
Build info: version: '4.9.1', revision: 'eb2032df7f'
System info: os.name: 'Windows 10', os.arch: 'amd64', os.version: '10.0', java.version: '21.0.3'
Driver info: org.openqa.selenium.chrome.ChromeDriver
Command: [null, newSession {capabilities=[Capabilities {browserName: chrome, goog:chromeOptions: {args: [--remote-allow-origins=*, --disable-blink-features=Au..., --disable-dev-shm-usage, --no-sandbox], binary: C:\Program Files\Google\Chr..., excludeSwitches: [enable-automation], extensions: []}}]}]
org.openqa.selenium.SessionNotCreatedException: Could not start a new session. Response code 500. Message: session not created: This version of ChromeDriver only supports Chrome version 137
Current browser version is 150.0.7871.125 with binary path C:\Program Files\Google\Chrome\Application\chrome.exe 
Host info: host: 'DESKTOP-V0D06AI', ip: '10.213.47.73'
Build info: version: '4.9.1', revision: 'eb2032df7f'
System info: os.name: 'Windows 10', os.arch: 'amd64', os.version: '10.0', java.version: '21.0.3'
Driver info: org.openqa.selenium.chrome.ChromeDriver
Command: [null, newSession {capabilities=[Capabilities {browserName: chrome, goog:chromeOptions: {args: [--remote-allow-origins=*, --disable-blink-features=Au..., --disable-dev-shm-usage, --no-sandbox], binary: C:\Program Files\Google\Chr..., excludeSwitches: [enable-automation], extensions: []}}]}]
	at org.openqa.selenium.remote.ProtocolHandshake.createSession(ProtocolHandshake.java:136)
	at org.openqa.selenium.remote.ProtocolHandshake.createSession(ProtocolHandshake.java:94)
	at org.openqa.selenium.remote.ProtocolHandshake.createSession(ProtocolHandshake.java:68)
	at org.openqa.selenium.remote.HttpCommandExecutor.execute(HttpCommandExecutor.java:165)
	at org.openqa.selenium.remote.service.DriverCommandExecutor.invokeExecute(DriverCommandExecutor.java:183)
	at org.openqa.selenium.remote.service.DriverCommandExecutor.execute(DriverCommandExecutor.java:158)
	at org.openqa.selenium.remote.RemoteWebDriver.execute(RemoteWebDriver.java:543)
	at org.openqa.selenium.remote.RemoteWebDriver.startSession(RemoteWebDriver.java:229)
	at org.openqa.selenium.remote.RemoteWebDriver.<init>(RemoteWebDriver.java:157)
	at org.openqa.selenium.chromium.ChromiumDriver.<init>(ChromiumDriver.java:101)
	at org.openqa.selenium.chrome.ChromeDriver.<init>(ChromeDriver.java:88)
	at org.openqa.selenium.chrome.ChromeDriver.<init>(ChromeDriver.java:84)
	at org.openqa.selenium.chrome.ChromeDriver.<init>(ChromeDriver.java:73)
	at orangeHRM_Webdriver_Manager.DriverManager.launchbrowser(DriverManager.java:129)
	at stepdefinitions.Common_Step_definition.setup(Common_Step_definition.java:41)
	at java.base/jdk.internal.reflect.DirectMethodHandleAccessor.invoke(DirectMethodHandleAccessor.java:103)
	at java.base/java.lang.reflect.Method.invoke(Method.java:580)
	at io.cucumber.java.Invoker.doInvoke(Invoker.java:66)
	at io.cucumber.java.Invoker.invoke(Invoker.java:24)
	at io.cucumber.java.AbstractGlueDefinition.invokeMethod(AbstractGlueDefinition.java:47)
	at io.cucumber.java.JavaHookDefinition.execute(JavaHookDefinition.java:64)
	at io.cucumber.core.runner.CoreHookDefinition.execute(CoreHookDefinition.java:46)
	at io.cucumber.core.runner.HookDefinitionMatch.runStep(HookDefinitionMatch.java:21)
	at io.cucumber.core.runner.ExecutionMode$1.execute(ExecutionMode.java:10)
	at io.cucumber.core.runner.TestStep.executeStep(TestStep.java:84)
	at io.cucumber.core.runner.TestStep.run(TestStep.java:56)
	at io.cucumber.core.runner.TestCase.run(TestCase.java:78)
	at io.cucumber.core.runner.Runner.runPickle(Runner.java:75)
	at io.cucumber.testng.TestNGCucumberRunner.lambda$runScenario$1(TestNGCucumberRunner.java:132)
	at io.cucumber.core.runtime.CucumberExecutionContext.lambda$runTestCase$5(CucumberExecutionContext.java:137)
	at io.cucumber.core.runtime.RethrowingThrowableCollector.executeAndThrow(RethrowingThrowableCollector.java:23)
	at io.cucumber.core.runtime.CucumberExecutionContext.runTestCase(CucumberExecutionContext.java:137)
	at io.cucumber.testng.TestNGCucumberRunner.runScenario(TestNGCucumberRunner.java:129)
	at io.cucumber.testng.AbstractTestNGCucumberTests.runScenario(AbstractTestNGCucumberTests.java:35)
	at java.base/jdk.internal.reflect.DirectMethodHandleAccessor.invoke(DirectMethodHandleAccessor.java:103)
	at java.base/java.lang.reflect.Method.invoke(Method.java:580)
	at org.testng.internal.invokers.MethodInvocationHelper.invokeMethod(MethodInvocationHelper.java:139)
	at org.testng.internal.invokers.TestInvoker.invokeMethod(TestInvoker.java:664)
	at org.testng.internal.invokers.TestInvoker.invokeTestMethod(TestInvoker.java:227)
	at org.testng.internal.invokers.MethodRunner.runInSequence(MethodRunner.java:50)
	at org.testng.internal.invokers.TestInvoker$MethodInvocationAgent.invoke(TestInvoker.java:957)
	at org.testng.internal.invokers.TestInvoker.invokeTestMethods(TestInvoker.java:200)
	at org.testng.internal.invokers.TestMethodWorker.invokeTestMethods(TestMethodWorker.java:148)
	at org.testng.internal.invokers.TestMethodWorker.run(TestMethodWorker.java:128)
	at java.base/java.util.ArrayList.forEach(ArrayList.java:1596)
	at org.testng.TestRunner.privateRun(TestRunner.java:848)
	at org.testng.TestRunner.run(TestRunner.java:621)
	at org.testng.SuiteRunner.runTest(SuiteRunner.java:443)
	at org.testng.SuiteRunner.runSequentially(SuiteRunner.java:437)
	at org.testng.SuiteRunner.privateRun(SuiteRunner.java:397)
	at org.testng.SuiteRunner.run(SuiteRunner.java:336)
	at org.testng.SuiteRunnerWorker.runSuite(SuiteRunnerWorker.java:52)
	at org.testng.SuiteRunnerWorker.run(SuiteRunnerWorker.java:95)
	at org.testng.TestNG.runSuitesSequentially(TestNG.java:1280)
	at org.testng.TestNG.runSuitesLocally(TestNG.java:1200)
	at org.testng.TestNG.runSuites(TestNG.java:1114)
	at org.testng.TestNG.run(TestNG.java:1082)
	at com.intellij.rt.testng.IDEARemoteTestNG.run(IDEARemoteTestNG.java:65)
	at com.intellij.rt.testng.RemoteTestNGStarter.main(RemoteTestNGStarter.java:109)
2026-07-15 19:39:42 ERROR VerifyCEOName_Step_Def:34 - java.lang.NullPointerException: Cannot invoke "org.openqa.selenium.WebDriver.getCurrentUrl()" because the return value of "orangeHRM_Webdriver_Manager.DriverManager.getDriver()" is null
2026-07-15 19:39:42 ERROR VerifyCEOName_Step_Def:69 - java.lang.IllegalArgumentException: Input must be set
2026-07-15 19:39:42 ERROR VerifyCEOName_Step_Def:108 - java.lang.IllegalArgumentException: Input must be set
2026-07-15 19:39:42 ERROR VerifyCEOName_Step_Def:120 - java.lang.IllegalArgumentException: Input must be set
2026-07-15 19:52:15 INFO  Common_Step_definition:29 - Execution Started
2026-07-15 19:52:15 INFO  Common_Step_definition:32 - Instantiated the commonUtils
2026-07-15 19:52:15 INFO  Common_Step_definition:35 - loading the config properties file
2026-07-15 19:52:15 INFO  Common_Step_definition:38 - Checking the Driver is Null or Not?
2026-07-15 19:52:15 INFO  Common_Step_definition:40 - Driver is Null. Instatiating it!
2026-07-15 19:52:15 INFO  DriverManager:29 - Launchingchrome
2026-07-15 19:52:15 INFO  DriverManager:43 - Using WebDriverManager to auto-download matching ChromeDriver version
2026-07-15 19:52:18 INFO  DriverManager:45 - WebDriverManager setup successful - ChromeDriver version will match installed Chrome
2026-07-15 19:52:18 INFO  DriverManager:76 - Found Chrome binary at: C:\Program Files\Google\Chrome\Application\chrome.exe
2026-07-15 19:52:18 INFO  DriverManager:87 - Using Chrome binary: C:\Program Files\Google\Chrome\Application\chrome.exe
2026-07-15 19:53:32 ERROR VerifyCEOName_Step_Def:69 - org.openqa.selenium.TimeoutException: Expected condition failed: waiting for visibility of Proxy element for: DefaultElementLocator 'By.xpath: //span[text()='Directory']' (tried for 10 second(s) with 500 milliseconds interval)
2026-07-15 19:53:42 ERROR VerifyCEOName_Step_Def:108 - org.openqa.selenium.TimeoutException: Expected condition failed: waiting for visibility of Proxy element for: DefaultElementLocator 'By.xpath: //div[contains(@class,'oxd-select-text')]' (tried for 10 second(s) with 500 milliseconds interval)
2026-07-15 19:53:42 INFO  VerifyCEOName_Step_Def:118 - clicks the search button
2026-07-15 19:58:36 INFO  Common_Step_definition:29 - Execution Started
2026-07-15 19:58:36 INFO  Common_Step_definition:32 - Instantiated the commonUtils
2026-07-15 19:58:36 INFO  Common_Step_definition:35 - loading the config properties file
2026-07-15 19:58:36 INFO  Common_Step_definition:38 - Checking the Driver is Null or Not?
2026-07-15 19:58:36 INFO  Common_Step_definition:40 - Driver is Null. Instatiating it!
2026-07-15 19:58:36 INFO  DriverManager:29 - Launchingchrome
2026-07-15 19:58:36 INFO  DriverManager:43 - Using WebDriverManager to auto-download matching ChromeDriver version
2026-07-15 19:58:38 INFO  DriverManager:45 - WebDriverManager setup successful - ChromeDriver version will match installed Chrome
2026-07-15 19:58:38 INFO  DriverManager:76 - Found Chrome binary at: C:\Program Files\Google\Chrome\Application\chrome.exe
2026-07-15 19:58:38 INFO  DriverManager:87 - Using Chrome binary: C:\Program Files\Google\Chrome\Application\chrome.exe
2026-07-15 19:59:40 ERROR Verify_UserManagement_Step_def:19 - org.openqa.selenium.TimeoutException: Expected condition failed: waiting for visibility of Proxy element for: DefaultElementLocator 'By.xpath: //span[text()='Admin']' (tried for 10 second(s) with 500 milliseconds interval)
2026-07-15 19:59:50 ERROR Verify_UserManagement_Step_def:29 - org.openqa.selenium.TimeoutException: Expected condition failed: waiting for visibility of Proxy element for: DefaultElementLocator 'By.xpath: //div[@id="app"]/div[1]/div[2]/div[2]/div/div[1]/div[2]/form/div[1]/div/div[1]/div/div[2]/input' (tried for 10 second(s) with 500 milliseconds interval)
2026-07-15 20:00:00 ERROR Verify_UserManagement_Step_def:39 - org.openqa.selenium.TimeoutException: Expected condition failed: waiting for visibility of Proxy element for: DefaultElementLocator 'By.xpath: //div[@id="app"]/div[1]/div[2]/div[2]/div/div[1]/div[2]/form/div[1]/div/div[2]/div/div[2]/div/div' (tried for 10 second(s) with 500 milliseconds interval)
2026-07-15 20:00:10 ERROR Verify_UserManagement_Step_def:48 - org.openqa.selenium.TimeoutException: Expected condition failed: waiting for visibility of Proxy element for: DefaultElementLocator 'By.xpath: //div[@id="app"]/div[1]/div[2]/div[2]/div/div[1]/div[2]/form/div[1]/div/div[3]/div/div[2]/div/div/input' (tried for 10 second(s) with 500 milliseconds interval)
2026-07-15 20:00:21 ERROR Verify_UserManagement_Step_def:57 - org.openqa.selenium.TimeoutException: Expected condition failed: waiting for visibility of Proxy element for: DefaultElementLocator 'By.xpath: //div[@id="app"]/div[1]/div[2]/div[2]/div/div[1]/div[2]/form/div[1]/div/div[4]/div/div[2]/div/div/div[1]' (tried for 10 second(s) with 500 milliseconds interval)
2026-07-15 20:00:31 ERROR Verify_UserManagement_Step_def:67 - org.openqa.selenium.TimeoutException: Expected condition failed: waiting for visibility of Proxy element for: DefaultElementLocator 'By.xpath: //div[@id="app"]/div[1]/div[2]/div[2]/div/div[1]/div[2]/form/div[2]/button[2]' (tried for 10 second(s) with 500 milliseconds interval)
2026-07-15 20:00:31 INFO  Verify_UserManagement_Step_def:73 - user on the admin page
2026-07-15 20:00:31 INFO  Common_Step_definition:29 - Execution Started
2026-07-15 20:00:31 INFO  Common_Step_definition:32 - Instantiated the commonUtils
2026-07-15 20:00:31 INFO  Common_Step_definition:35 - loading the config properties file
2026-07-15 20:00:31 INFO  Common_Step_definition:38 - Checking the Driver is Null or Not?
2026-07-15 20:00:51 ERROR Create_jobtitle_Step_def:21 - org.openqa.selenium.TimeoutException: Expected condition failed: waiting for visibility of Proxy element for: DefaultElementLocator 'By.xpath: //span[text()='Job ']' (tried for 20 second(s) with 500 milliseconds interval)
2026-07-15 20:01:11 ERROR Create_jobtitle_Step_def:32 - org.openqa.selenium.TimeoutException: Expected condition failed: waiting for visibility of Proxy element for: DefaultElementLocator 'By.xpath: //a[text()='Job Titles']' (tried for 20 second(s) with 500 milliseconds interval)
2026-07-15 20:01:31 ERROR Create_jobtitle_Step_def:42 - org.openqa.selenium.TimeoutException: Expected condition failed: waiting for visibility of Proxy element for: DefaultElementLocator 'By.xpath: //button[text()=" Add "]' (tried for 20 second(s) with 500 milliseconds interval)
2026-07-15 20:01:52 ERROR Create_jobtitle_Step_def:52 - org.openqa.selenium.TimeoutException: Expected condition failed: waiting for visibility of Proxy element for: DefaultElementLocator 'By.xpath: //div[@id="app"]/div[1]/div[2]/div[2]/div/div/form/div[1]/div/div[2]/input' (tried for 20 second(s) with 500 milliseconds interval)
2026-07-15 20:02:12 ERROR Create_jobtitle_Step_def:62 - org.openqa.selenium.TimeoutException: Expected condition failed: waiting for visibility of Proxy element for: DefaultElementLocator 'By.xpath: //div[@id="app"]/div[1]/div[2]/div[2]/div/div/form/div[2]/div/div[2]/textarea' (tried for 20 second(s) with 500 milliseconds interval)
2026-07-15 20:02:32 ERROR Create_jobtitle_Step_def:74 - org.openqa.selenium.TimeoutException: Expected condition failed: waiting for visibility of Proxy element for: DefaultElementLocator 'By.xpath: //div[text()='Browse']' (tried for 20 second(s) with 500 milliseconds interval)
2026-07-15 20:02:52 ERROR Create_jobtitle_Step_def:84 - org.openqa.selenium.TimeoutException: Expected condition failed: waiting for visibility of Proxy element for: DefaultElementLocator 'By.xpath: //div[@id="app"]/div[1]/div[2]/div[2]/div/div/form/div[4]/div/div[2]/textarea' (tried for 20 second(s) with 500 milliseconds interval)
2026-07-15 20:02:52 INFO  Create_jobtitle_Step_def:92 - User click the save button
2026-07-15 20:02:52 INFO  Common_Step_definition:29 - Execution Started
2026-07-15 20:02:52 INFO  Common_Step_definition:32 - Instantiated the commonUtils
2026-07-15 20:02:52 INFO  Common_Step_definition:35 - loading the config properties file
2026-07-15 20:02:52 INFO  Common_Step_definition:38 - Checking the Driver is Null or Not?
2026-07-15 20:03:02 ERROR VerifyCEOName_Step_Def:69 - org.openqa.selenium.TimeoutException: Expected condition failed: waiting for visibility of Proxy element for: DefaultElementLocator 'By.xpath: //span[text()='Directory']' (tried for 10 second(s) with 500 milliseconds interval)
2026-07-15 20:03:13 ERROR VerifyCEOName_Step_Def:108 - org.openqa.selenium.TimeoutException: Expected condition failed: waiting for visibility of Proxy element for: DefaultElementLocator 'By.xpath: //div[contains(@class,'oxd-select-text')]' (tried for 10 second(s) with 500 milliseconds interval)
2026-07-15 20:03:13 INFO  VerifyCEOName_Step_Def:118 - clicks the search button
2026-07-15 20:03:13 INFO  Common_Step_definition:29 - Execution Started
2026-07-15 20:03:13 INFO  Common_Step_definition:32 - Instantiated the commonUtils
2026-07-15 20:03:13 INFO  Common_Step_definition:35 - loading the config properties file
2026-07-15 20:03:13 INFO  Common_Step_definition:38 - Checking the Driver is Null or Not?
2026-07-15 20:03:23 ERROR Verify_Pending_Timesheets_Step_def:33 - org.openqa.selenium.TimeoutException: Expected condition failed: waiting for visibility of Proxy element for: DefaultElementLocator 'By.xpath: //span[text()='Time']' (tried for 10 second(s) with 500 milliseconds interval)
2026-07-15 20:03:23 ERROR Verify_Pending_Timesheets_Step_def:45 - java.lang.NullPointerException: Cannot invoke "org.openqa.selenium.WebElement.sendKeys(java.lang.CharSequence[])" because "this.ENTEREMPOLYEENAME" is null
2026-07-15 20:03:23 ERROR Verify_Pending_Timesheets_Step_def:56 - java.lang.NullPointerException: Cannot invoke "org.openqa.selenium.WebElement.getText()" because "this.NAME" is null
2026-07-15 20:10:23 INFO  Common_Step_definition:29 - Execution Started
2026-07-15 20:10:23 INFO  Common_Step_definition:32 - Instantiated the commonUtils
2026-07-15 20:10:23 INFO  Common_Step_definition:35 - loading the config properties file
2026-07-15 20:10:23 INFO  Common_Step_definition:38 - Checking the Driver is Null or Not?
2026-07-15 20:10:23 INFO  Common_Step_definition:40 - Driver is Null. Instatiating it!
2026-07-15 20:10:23 INFO  DriverManager:29 - Launchingchrome
2026-07-15 20:10:23 INFO  DriverManager:43 - Using WebDriverManager to auto-download matching ChromeDriver version
2026-07-15 20:10:24 INFO  DriverManager:45 - WebDriverManager setup successful - ChromeDriver version will match installed Chrome
2026-07-15 20:10:24 INFO  DriverManager:76 - Found Chrome binary at: C:\Program Files\Google\Chrome\Application\chrome.exe
2026-07-15 20:10:24 INFO  DriverManager:87 - Using Chrome binary: C:\Program Files\Google\Chrome\Application\chrome.exe
2026-07-15 20:10:42 INFO  Verify_UserManagement_Step_def:17 - The user navigate to the admin page
2026-07-15 20:10:42 INFO  Verify_UserManagement_Step_def:27 - the user enter the usernme
2026-07-15 20:10:42 INFO  Verify_UserManagement_Step_def:37 - the user select the user Role
2026-07-15 20:10:43 INFO  Verify_UserManagement_Step_def:46 - the user enter Employee name 
2026-07-15 20:10:43 INFO  Verify_UserManagement_Step_def:55 - the user select the status 
2026-07-15 20:10:43 INFO  Verify_UserManagement_Step_def:65 - user click search button
2026-07-15 20:10:43 INFO  Verify_UserManagement_Step_def:73 - user on the admin page
2026-07-15 20:10:43 INFO  Common_Step_definition:29 - Execution Started
2026-07-15 20:10:43 INFO  Common_Step_definition:32 - Instantiated the commonUtils
2026-07-15 20:10:43 INFO  Common_Step_definition:35 - loading the config properties file
2026-07-15 20:10:43 INFO  Common_Step_definition:38 - Checking the Driver is Null or Not?
2026-07-15 20:10:43 INFO  Create_jobtitle_Step_def:19 - The User click the job dropdown
2026-07-15 20:10:44 INFO  Create_jobtitle_Step_def:30 - select to the job Title page
2026-07-15 20:10:45 INFO  Create_jobtitle_Step_def:40 - User click the Add button to create job title
2026-07-15 20:10:46 INFO  Create_jobtitle_Step_def:50 - Enter the job title
2026-07-15 20:10:46 INFO  Create_jobtitle_Step_def:60 - Enter the job description
2026-07-15 20:10:46 ERROR Create_jobtitle_Step_def:74 - org.openqa.selenium.ElementNotInteractableException: element not interactable
  (Session info: chrome=150.0.7871.125)
Build info: version: '4.9.1', revision: 'eb2032df7f'
System info: os.name: 'Windows 10', os.arch: 'amd64', os.version: '10.0', java.version: '21.0.3'
Driver info: org.openqa.selenium.chrome.ChromeDriver
Command: [23618f11435afcdb0a1a0cf9cb248f7b, sendKeysToElement {id=f.86C0664B740AA4CAA6E7D21166AECFE8.d.B1FC9B76EA7C089A1DD7C937505B7827.e.128, value=[Ljava.lang.CharSequence;@8c12524}]
Capabilities {acceptInsecureCerts: false, browserName: chrome, browserVersion: 150.0.7871.125, chrome: {chromedriverVersion: 150.0.7871.124 (9261fd0a595..., userDataDir: C:\Users\LAKSHM~1\AppData\L...}, fedcm:accounts: true, goog:chromeOptions: {debuggerAddress: localhost:51353}, goog:processID: 10708, networkConnectionEnabled: false, pageLoadStrategy: normal, platformName: windows, proxy: Proxy(), se:cdp: ws://localhost:51353/devtoo..., se:cdpVersion: 150.0.7871.125, setWindowRect: true, strictFileInteractability: false, timeouts: {implicit: 0, pageLoad: 300000, script: 30000}, unhandledPromptBehavior: dismiss and notify, webauthn:extension:credBlob: true, webauthn:extension:largeBlob: true, webauthn:extension:minPinLength: true, webauthn:extension:prf: true, webauthn:virtualAuthenticators: true}
Element: [[ChromeDriver: chrome on windows (23618f11435afcdb0a1a0cf9cb248f7b)] -> xpath: //div[text()='Browse']]
Session ID: 23618f11435afcdb0a1a0cf9cb248f7b
2026-07-15 20:10:46 INFO  Create_jobtitle_Step_def:82 - Enter the note 
2026-07-15 20:10:47 INFO  Create_jobtitle_Step_def:92 - User click the save button
2026-07-15 20:10:47 INFO  Common_Step_definition:29 - Execution Started
2026-07-15 20:10:47 INFO  Common_Step_definition:32 - Instantiated the commonUtils
2026-07-15 20:10:47 INFO  Common_Step_definition:35 - loading the config properties file
2026-07-15 20:10:47 INFO  Common_Step_definition:38 - Checking the Driver is Null or Not?
2026-07-15 20:10:47 INFO  VerifyCEOName_Step_Def:67 - the user clicks on the directory option from the menu bar
2026-07-15 20:10:48 INFO  VerifyCEOName_Step_Def:106 - the user selects the job title as from the drop down
2026-07-15 20:10:48 INFO  VerifyCEOName_Step_Def:118 - clicks the search button
2026-07-15 20:10:49 INFO  Common_Step_definition:29 - Execution Started
2026-07-15 20:10:49 INFO  Common_Step_definition:32 - Instantiated the commonUtils
2026-07-15 20:10:49 INFO  Common_Step_definition:35 - loading the config properties file
2026-07-15 20:10:49 INFO  Common_Step_definition:38 - Checking the Driver is Null or Not?
2026-07-15 20:10:50 ERROR Verify_Pending_Timesheets_Step_def:45 - java.lang.NullPointerException: Cannot invoke "org.openqa.selenium.WebElement.sendKeys(java.lang.CharSequence[])" because "this.ENTEREMPOLYEENAME" is null
2026-07-15 20:10:50 ERROR Verify_Pending_Timesheets_Step_def:56 - java.lang.NullPointerException: Cannot invoke "org.openqa.selenium.WebElement.getText()" because "this.NAME" is null
2026-07-16 14:56:24 INFO  Common_Step_definition:29 - Execution Started
2026-07-16 14:56:24 INFO  Common_Step_definition:32 - Instantiated the commonUtils
2026-07-16 14:56:24 INFO  Common_Step_definition:35 - loading the config properties file
2026-07-16 14:56:24 INFO  Common_Step_definition:38 - Checking the Driver is Null or Not?
2026-07-16 14:56:24 INFO  Common_Step_definition:40 - Driver is Null. Instatiating it!
2026-07-16 14:56:24 INFO  DriverManager:29 - Launchingchrome
2026-07-16 14:56:24 INFO  DriverManager:43 - Using WebDriverManager to auto-download matching ChromeDriver version
2026-07-16 14:56:29 INFO  DriverManager:45 - WebDriverManager setup successful - ChromeDriver version will match installed Chrome
2026-07-16 14:56:29 INFO  DriverManager:76 - Found Chrome binary at: C:\Program Files\Google\Chrome\Application\chrome.exe
2026-07-16 14:56:29 INFO  DriverManager:87 - Using Chrome binary: C:\Program Files\Google\Chrome\Application\chrome.exe
2026-07-16 14:57:08 ERROR Verify_UserManagement_Step_def:19 - org.openqa.selenium.TimeoutException: Expected condition failed: waiting for visibility of Proxy element for: DefaultElementLocator 'By.xpath: //span[text()='Admin']' (tried for 10 second(s) with 500 milliseconds interval)
2026-07-16 14:57:19 ERROR Verify_UserManagement_Step_def:29 - org.openqa.selenium.TimeoutException: Expected condition failed: waiting for visibility of Proxy element for: DefaultElementLocator 'By.xpath: //div[@id="app"]/div[1]/div[2]/div[2]/div/div[1]/div[2]/form/div[1]/div/div[1]/div/div[2]/input' (tried for 10 second(s) with 500 milliseconds interval)
2026-07-16 14:57:29 ERROR Verify_UserManagement_Step_def:39 - org.openqa.selenium.TimeoutException: Expected condition failed: waiting for visibility of Proxy element for: DefaultElementLocator 'By.xpath: //div[@id="app"]/div[1]/div[2]/div[2]/div/div[1]/div[2]/form/div[1]/div/div[2]/div/div[2]/div/div' (tried for 10 second(s) with 500 milliseconds interval)
2026-07-16 14:57:39 ERROR Verify_UserManagement_Step_def:48 - org.openqa.selenium.TimeoutException: Expected condition failed: waiting for visibility of Proxy element for: DefaultElementLocator 'By.xpath: //div[@id="app"]/div[1]/div[2]/div[2]/div/div[1]/div[2]/form/div[1]/div/div[3]/div/div[2]/div/div/input' (tried for 10 second(s) with 500 milliseconds interval)
2026-07-16 14:57:49 ERROR Verify_UserManagement_Step_def:57 - org.openqa.selenium.TimeoutException: Expected condition failed: waiting for visibility of Proxy element for: DefaultElementLocator 'By.xpath: //div[@id="app"]/div[1]/div[2]/div[2]/div/div[1]/div[2]/form/div[1]/div/div[4]/div/div[2]/div/div/div[1]' (tried for 10 second(s) with 500 milliseconds interval)
2026-07-16 14:57:59 ERROR Verify_UserManagement_Step_def:67 - org.openqa.selenium.TimeoutException: Expected condition failed: waiting for visibility of Proxy element for: DefaultElementLocator 'By.xpath: //div[@id="app"]/div[1]/div[2]/div[2]/div/div[1]/div[2]/form/div[2]/button[2]' (tried for 10 second(s) with 500 milliseconds interval)
2026-07-16 14:57:59 INFO  Verify_UserManagement_Step_def:73 - user on the admin page
2026-07-16 14:57:59 INFO  Common_Step_definition:29 - Execution Started
2026-07-16 14:57:59 INFO  Common_Step_definition:32 - Instantiated the commonUtils
2026-07-16 14:57:59 INFO  Common_Step_definition:35 - loading the config properties file
2026-07-16 14:57:59 INFO  Common_Step_definition:38 - Checking the Driver is Null or Not?
2026-07-16 14:58:20 ERROR Create_jobtitle_Step_def:21 - org.openqa.selenium.TimeoutException: Expected condition failed: waiting for visibility of Proxy element for: DefaultElementLocator 'By.xpath: //span[text()='Job ']' (tried for 20 second(s) with 500 milliseconds interval)
2026-07-16 14:58:40 ERROR Create_jobtitle_Step_def:32 - org.openqa.selenium.TimeoutException: Expected condition failed: waiting for visibility of Proxy element for: DefaultElementLocator 'By.xpath: //a[text()='Job Titles']' (tried for 20 second(s) with 500 milliseconds interval)
2026-07-16 14:59:00 ERROR Create_jobtitle_Step_def:42 - org.openqa.selenium.TimeoutException: Expected condition failed: waiting for visibility of Proxy element for: DefaultElementLocator 'By.xpath: //button[text()=" Add "]' (tried for 20 second(s) with 500 milliseconds interval)
2026-07-16 14:59:20 ERROR Create_jobtitle_Step_def:52 - org.openqa.selenium.TimeoutException: Expected condition failed: waiting for visibility of Proxy element for: DefaultElementLocator 'By.xpath: //div[@id="app"]/div[1]/div[2]/div[2]/div/div/form/div[1]/div/div[2]/input' (tried for 20 second(s) with 500 milliseconds interval)
2026-07-16 14:59:40 ERROR Create_jobtitle_Step_def:62 - org.openqa.selenium.TimeoutException: Expected condition failed: waiting for visibility of Proxy element for: DefaultElementLocator 'By.xpath: //div[@id="app"]/div[1]/div[2]/div[2]/div/div/form/div[2]/div/div[2]/textarea' (tried for 20 second(s) with 500 milliseconds interval)
2026-07-16 15:00:01 ERROR Create_jobtitle_Step_def:74 - org.openqa.selenium.TimeoutException: Expected condition failed: waiting for visibility of Proxy element for: DefaultElementLocator 'By.xpath: //div[text()='Browse']' (tried for 20 second(s) with 500 milliseconds interval)
2026-07-16 15:00:21 ERROR Create_jobtitle_Step_def:84 - org.openqa.selenium.TimeoutException: Expected condition failed: waiting for visibility of Proxy element for: DefaultElementLocator 'By.xpath: //div[@id="app"]/div[1]/div[2]/div[2]/div/div/form/div[4]/div/div[2]/textarea' (tried for 20 second(s) with 500 milliseconds interval)
2026-07-16 15:00:42 ERROR Create_jobtitle_Step_def:94 - org.openqa.selenium.TimeoutException: Expected condition failed: waiting for visibility of Proxy element for: DefaultElementLocator 'By.xpath: //button[@type='submit']' (tried for 20 second(s) with 500 milliseconds interval)
2026-07-16 15:00:42 INFO  Common_Step_definition:29 - Execution Started
2026-07-16 15:00:42 INFO  Common_Step_definition:32 - Instantiated the commonUtils
2026-07-16 15:00:42 INFO  Common_Step_definition:35 - loading the config properties file
2026-07-16 15:00:42 INFO  Common_Step_definition:38 - Checking the Driver is Null or Not?
2026-07-16 15:00:42 INFO  VerifyCEOName_Step_Def:31 -  the user is logged in successfully and is on Home Page
2026-07-16 15:00:47 INFO  VerifyCEOName_Step_Def:67 - the user clicks on the directory option from the menu bar
2026-07-16 15:00:52 INFO  VerifyCEOName_Step_Def:106 - the user selects the job title as from the drop down
2026-07-16 15:00:52 INFO  VerifyCEOName_Step_Def:118 - clicks the search button
2026-07-16 15:00:52 INFO  Common_Step_definition:29 - Execution Started
2026-07-16 15:00:52 INFO  Common_Step_definition:32 - Instantiated the commonUtils
2026-07-16 15:00:52 INFO  Common_Step_definition:35 - loading the config properties file
2026-07-16 15:00:52 INFO  Common_Step_definition:38 - Checking the Driver is Null or Not?
2026-07-16 15:01:06 ERROR Verify_Pending_Timesheets_Step_def:45 - java.lang.NullPointerException: Cannot invoke "org.openqa.selenium.WebElement.sendKeys(java.lang.CharSequence[])" because "this.ENTEREMPOLYEENAME" is null
2026-07-16 15:01:06 ERROR Verify_Pending_Timesheets_Step_def:56 - java.lang.NullPointerException: Cannot invoke "org.openqa.selenium.WebElement.getText()" because "this.NAME" is null
